Steps,Policy/Extrinsic Value Estimate,Policy/Entropy,Losses/Value Loss,Losses/Policy Loss,Losses/Q1 Loss,Losses/Q2 Loss,Policy/Entropy Coeff,Policy/Learning Rate,Agent1 score,Agent2 score,Agent3 score,Agent4 score,Environment/Episode Length,Environment/Cumulative Reward,Policy/Extrinsic Reward,Is Training
30000,0.706367,1.5085132,0.026267676,-0.80347633,0.0108781485,0.011098151,0.07615803,0.0003,10.5,5.0,5.0,3.5,1834.0,24.899999663233757,24.899999663233757,1.0
40000,0.90335804,1.9582936,0.022660917,-0.870151,0.0096096955,0.009715853,0.06367194,0.0003,2.0,3.0,1.5,2.5,None,None,None,1.0
50000,0.90537596,1.8860974,0.023193616,-0.93435645,0.010428149,0.010573736,0.053334277,0.00030000004,5.0,6.0,5.5,4.5,None,None,None,1.0
60000,1.0174416,1.9821517,0.022737289,-0.9910722,0.0102719385,0.010307292,0.04536918,0.00029999999,5.5,3.0,4.5,2.0,3206.0,31.699998944997787,31.699998944997787,1.0
70000,1.0519245,1.9313374,0.01920977,-1.0465931,0.008818242,0.008926434,0.038685314,0.0003,3.5,5.5,1.0,3.0,4280.0,48.279999136924744,48.279999136924744,1.0
80000,1.1033568,1.7507961,0.021630025,-1.0934371,0.009947935,0.009985203,0.033301912,0.00029999999,4.0,0.5,3.0,4.0,4999.0,24.13538379394091,24.13538379394091,1.0
90000,1.1529523,1.7087435,0.017479785,-1.1254413,0.007836052,0.00794078,0.028969696,0.0003,2.0,0.0,5.0,4.0,525.0,27.699999898672104,27.699999898672104,1.0
100000,1.1733962,1.2495426,0.022129785,-1.1633412,0.010165529,0.010280133,0.025431287,0.0003,2.0,1.5,3.5,3.5,1109.0,33.570000007748604,33.570000007748604,1.0
110000,1.2391907,1.0437101,0.028775027,-1.2026758,0.013236256,0.013340784,0.022526676,0.00029999999,1.0,4.0,1.5,2.0,4182.0,48.39999932795763,48.39999932795763,1.0
120000,1.3038056,0.73339045,0.028326372,-1.250334,0.012842848,0.013038661,0.020310367,0.00029999999,7.5,4.0,5.0,2.0,1745.0,55.6699999794364,55.6699999794364,1.0
130000,1.3681345,0.61335725,0.034414265,-1.3093317,0.016098084,0.016281994,0.018624803,0.00029999999,2.0,7.5,5.0,4.5,491.0,26.70000022649765,26.70000022649765,1.0
140000,1.4273216,0.5585127,0.038976643,-1.3692343,0.018190226,0.018374687,0.017415747,0.00029999999,8.0,3.0,4.5,3.0,3414.5,95.12000034749508,95.12000034749508,1.0
150000,1.4845531,0.50205404,0.038126655,-1.4275318,0.018077686,0.018197456,0.016463341,0.00029999999,2.0,1.5,1.5,1.5,4434.5,100.59999871253967,100.59999871253967,1.0
160000,1.5790722,0.50827765,0.03983823,-1.4901121,0.018747238,0.018909298,0.015800826,0.00029999999,0.5,0.5,1.0,7.0,4938.0,125.28666456292073,125.28666456292073,1.0
170000,1.6480489,0.4698162,0.042877138,-1.5509517,0.020517789,0.020677397,0.015223657,0.00029999999,8.0,4.0,10.0,3.0,2503.3333333333335,87.05333302915096,87.05333302915096,1.0
180000,1.7046502,0.44310424,0.044658795,-1.6171753,0.021174453,0.021326726,0.014717494,0.00029999996,3.0,1.5,4.0,2.5,3005.6666666666665,108.25999929507573,108.25999929507573,1.0
190000,1.7865187,0.35406658,0.046248443,-1.6831328,0.022147825,0.022245996,0.014557659,0.00029999999,3.5,2.5,3.5,1.5,3731.0,121.18666516244411,121.18666516244411,1.0
200000,1.8561432,0.3513784,0.047547437,-1.7557609,0.022838045,0.022967719,0.014816718,0.00029999999,11.5,7.0,6.5,7.0,1997.0,89.90999907255173,89.90999907255173,1.0
210000,1.9361622,0.3189977,0.049102202,-1.8266281,0.02358557,0.023686983,0.015299069,0.00029999999,11.0,7.0,6.5,5.5,3675.6666666666665,138.76666572193304,138.76666572193304,1.0
220000,2.0221107,0.30466554,0.052071612,-1.9008943,0.025139708,0.025269903,0.01609788,0.00029999999,4.5,5.5,7.5,7.0,2780.3333333333335,131.49333296716213,131.49333296716213,1.0
230000,2.0922592,0.36603326,0.052563295,-1.9771478,0.025341647,0.025440441,0.016912542,0.00029999999,4.0,5.0,4.5,4.0,3643.6666666666665,181.93999931712946,181.93999931712946,1.0
240000,2.1690068,0.319369,0.05498105,-2.0569873,0.026600448,0.026685692,0.017713781,0.00029999996,0.5,3.5,3.5,3.0,3445.5,155.51666625092426,155.51666625092426,1.0
250000,2.2525356,0.3162595,0.05556256,-2.1384282,0.026897125,0.026978256,0.0186384,0.00029999999,2.0,3.0,4.0,4.0,1716.0,107.7199994623661,107.7199994623661,1.0
260000,2.3285518,0.3234089,0.055373155,-2.2218258,0.026650544,0.026728092,0.019616792,0.00029999999,4.0,4.5,9.0,5.0,3208.0,156.509998973459,156.509998973459,1.0
270000,2.4286706,0.34575763,0.059550215,-2.3032482,0.028743804,0.028853979,0.02055079,0.00029999999,5.0,4.5,5.5,6.0,2580.3333333333335,127.46666705608368,127.46666705608368,1.0
280000,2.481865,0.35328683,0.060061477,-2.3850682,0.029141922,0.02919244,0.0213708,0.00029999999,5.0,6.0,8.0,3.5,3748.75,222.9999994734923,222.9999994734923,1.0
290000,2.5519965,0.37699947,0.056769125,-2.4713507,0.027489468,0.027549386,0.022128845,0.00029999999,5.5,3.0,4.0,8.0,1879.3333333333333,112.48500093817711,112.48500093817711,1.0
300000,2.6574783,0.35752445,0.063518584,-2.5448925,0.03091325,0.030982647,0.022844734,0.0003,10.0,7.0,7.5,7.5,3066.3333333333335,202.13000012934208,202.13000012934208,1.0
310000,2.7320893,0.36290142,0.06284602,-2.618693,0.030412696,0.030494414,0.023731519,0.00029999999,8.0,8.5,10.0,6.5,4101.0,195.1999994367361,195.1999994367361,1.0
320000,2.751746,0.42010787,0.061593954,-2.6970909,0.029919606,0.029944684,0.024389196,0.00029999999,8.0,5.5,4.5,2.0,1311.3333333333333,105.81000044941902,105.81000044941902,1.0
330000,2.87611,0.34328836,0.06360156,-2.7717948,0.03097808,0.031097725,0.024441736,0.00029999999,4.5,10.0,3.5,4.5,3366.5,130.44666693111262,130.44666693111262,1.0
340000,2.9350238,0.38862893,0.0679497,-2.8488517,0.033044066,0.033131056,0.025580984,0.00029999999,5.0,4.5,6.5,4.5,3458.2,195.38999995961785,195.38999995961785,1.0
350000,3.0421748,0.37824762,0.06793022,-2.9265466,0.033156637,0.033235334,0.025864646,0.00029999999,7.0,8.0,7.0,8.0,1569.0,128.5466666718324,128.5466666718324,1.0
360000,3.1055264,0.33669755,0.067854024,-3.0020366,0.032975625,0.03307266,0.026448574,0.00029999999,10.5,9.0,4.5,6.0,3697.4,233.20499855652452,233.20499855652452,1.0
370000,3.1894853,0.32959065,0.067563705,-3.07718,0.03283025,0.032897312,0.026737483,0.00029999999,2.0,1.5,2.5,2.5,2819.0,131.08666653434435,131.08666653434435,1.0
380000,3.2540736,0.36698842,0.06743136,-3.1513414,0.032752663,0.03279054,0.027189935,0.00029999999,4.5,2.0,4.0,6.0,3719.25,226.85500006750226,226.85500006750226,1.0
390000,3.3226807,0.3748325,0.06849989,-3.2220366,0.033294376,0.033391386,0.028248163,0.00029999999,6.0,9.0,5.0,2.5,1595.5,108.20000064373016,108.20000064373016,1.0
400000,3.3830936,0.3823254,0.0705785,-3.298525,0.034296397,0.034350816,0.029041084,0.00029999999,3.5,7.0,11.5,7.0,2934.5,168.68000015988946,168.68000015988946,1.0
410000,3.5213778,0.3260024,0.07248662,-3.367363,0.035361107,0.035411425,0.02885644,0.00029999999,4.0,3.0,5.0,3.5,1325.0,95.41333386798699,95.41333386798699,1.0
420000,3.5460505,0.3354079,0.07001937,-3.4353068,0.034128383,0.034225132,0.02962133,0.00029999999,7.0,11.0,6.0,10.0,2943.5,196.15000027418137,196.15000027418137,1.0
430000,3.5783513,0.35268775,0.07086002,-3.5078282,0.034591664,0.034675915,0.030248532,0.00029999999,4.0,4.5,4.0,3.0,3073.0,213.96666671335697,213.96666671335697,1.0
440000,3.663758,0.37151217,0.07272214,-3.5776656,0.035370428,0.035431765,0.031639736,0.00029999999,3.5,4.0,5.0,6.0,4195.666666666667,286.2400002380212,286.2400002380212,1.0
450000,3.7319598,0.3796092,0.07305543,-3.6392462,0.035672713,0.03572881,0.031687748,0.00029999999,7.0,7.0,4.5,5.5,3080.0,207.70000030100346,207.70000030100346,1.0
460000,3.7922187,0.37246135,0.07297739,-3.7078557,0.035564598,0.03560365,0.031674583,0.00029999999,3.0,3.0,2.5,3.5,3313.25,192.89000027626753,192.89000027626753,1.0
470000,3.8540268,0.3493547,0.07377678,-3.7746563,0.03599565,0.036075257,0.032089796,0.00029999999,3.0,3.0,4.0,6.0,3506.0,190.70666608214378,190.70666608214378,1.0
480000,3.9036458,0.37694612,0.07133765,-3.833612,0.034725145,0.034787394,0.032227762,0.00029999999,9.0,4.0,8.5,3.5,2416.2,147.7900007367134,147.7900007367134,1.0
490000,3.9874105,0.32338476,0.07160596,-3.895907,0.034960203,0.035043478,0.032225966,0.00029999999,8.5,9.0,10.5,9.5,3016.3333333333335,167.78666780889034,167.78666780889034,1.0
500000,4.04019,0.32300657,0.076982066,-3.9535067,0.037521333,0.037666712,0.032841817,0.0003,9.0,11.0,10.0,11.0,2911.6666666666665,200.52500143274665,200.52500143274665,1.0
510000,4.0842276,0.34755385,0.08455338,-4.0418673,0.04123858,0.04128452,0.03653152,0.00029999999,5.0,4.5,3.5,5.0,2237.0,149.7699994891882,149.7699994891882,1.0
520000,4.174743,0.40658,0.08882437,-4.1080527,0.0433093,0.043404642,0.04284983,0.00029999999,3.5,4.0,4.0,4.5,3087.0,182.49500025436282,182.49500025436282,1.0
530000,4.1814985,0.44534475,0.085197285,-4.1697116,0.041435238,0.041436825,0.046054054,0.00029999999,9.0,9.0,7.0,4.0,3286.0,227.0600013832251,227.0600013832251,1.0
540000,4.2438545,0.43152794,0.08567453,-4.2263484,0.041653614,0.041824833,0.048033234,0.00029999999,8.0,8.0,6.5,3.5,3090.25,193.98999999463558,193.98999999463558,1.0
550000,4.297271,0.48740837,0.083162256,-4.2801948,0.04053355,0.040624987,0.048796643,0.00029999999,1.5,2.0,4.5,6.0,2132.0,181.82999997586012,181.82999997586012,1.0
560000,4.3623047,0.46022218,0.08410772,-4.332738,0.041045338,0.041188654,0.048592024,0.00029999999,1.5,4.5,6.0,2.5,3605.25,195.59600104391575,195.59600104391575,1.0
570000,4.428952,0.45756814,0.08762072,-4.3916397,0.042865805,0.042973276,0.049958434,0.00029999999,5.0,11.5,6.0,4.0,2911.4,195.90400010049342,195.90400010049342,1.0
580000,4.446449,0.5096022,0.08495104,-4.4491835,0.041566927,0.041669942,0.050601255,0.00029999999,3.0,3.0,1.0,1.5,2389.25,164.22500102594495,164.22500102594495,1.0
590000,4.5223093,0.5072586,0.090602,-4.51369,0.044109493,0.044228923,0.051666822,0.00029999999,5.0,7.0,4.0,9.0,3641.5,218.56000065803528,218.56000065803528,1.0
600000,4.5888953,0.52122337,0.085471705,-4.5621476,0.04169792,0.041862022,0.052135974,0.0003,8.5,7.5,8.0,6.5,2146.0,139.52666675051054,139.52666675051054,1.0
610000,4.620636,0.47729146,0.0910358,-4.6309958,0.0442443,0.04443471,0.054655682,0.00029999999,2.5,5.0,5.0,5.5,2831.25,136.33333302040896,136.33333302040896,1.0
620000,4.6718163,0.5530805,0.09236394,-4.6865478,0.045085423,0.045168724,0.058741067,0.00029999999,9.0,4.5,8.0,5.0,3297.5,229.88666648666063,229.88666648666063,1.0
630000,4.751532,0.548508,0.08977101,-4.7347927,0.043903485,0.044041596,0.060773704,0.00029999999,1.5,6.0,6.0,2.5,3162.6666666666665,191.33999932308993,191.33999932308993,1.0
640000,4.8096986,0.56088114,0.08930224,-4.784464,0.043526158,0.043688018,0.06123501,0.00029999999,4.0,4.0,2.5,3.5,3487.2,217.09200156629086,217.09200156629086,1.0
650000,4.822244,0.6136463,0.09177317,-4.838569,0.044792786,0.04491565,0.06096385,0.00029999999,6.5,5.5,6.5,6.0,2712.3333333333335,172.24666675925255,172.24666675925255,1.0
660000,4.864183,0.59627795,0.089445956,-4.889307,0.04371458,0.043791007,0.060637344,0.00029999999,3.0,2.5,2.5,2.5,3068.0,190.53333427011967,190.53333427011967,1.0
670000,4.923758,0.57109934,0.09767757,-4.941801,0.04770363,0.04774055,0.06187822,0.00029999999,4.0,9.0,7.0,8.0,2058.0,137.62666778763136,137.62666778763136,1.0
680000,5.0768976,0.63924724,0.09219478,-4.9930754,0.045098964,0.045236874,0.061403424,0.00029999999,4.5,7.0,6.0,11.0,2862.0,202.72000217437744,202.72000217437744,1.0
690000,5.0227165,0.60569096,0.095273495,-5.0393224,0.046578247,0.046699196,0.06039617,0.00029999999,5.0,4.5,9.0,6.0,3692.6666666666665,248.38500069081783,248.38500069081783,1.0
700000,5.035848,0.5725698,0.09335351,-5.0784364,0.045723796,0.045734964,0.059570845,0.0003,3.5,3.5,4.0,1.5,2553.5,162.86000058054924,162.86000058054924,1.0
710000,5.103379,0.58372337,0.09595357,-5.1217623,0.04694544,0.04692013,0.061042447,0.00029999999,7.0,5.5,3.0,4.5,4432.333333333333,270.4733355442683,270.4733355442683,1.0
720000,5.1458483,0.59814864,0.09331292,-5.1725025,0.045424316,0.04543558,0.06404803,0.00029999999,3.0,3.0,2.5,3.5,3654.6,225.4640007674694,225.4640007674694,1.0
730000,5.20926,0.6077877,0.096131764,-5.227896,0.046956215,0.047070578,0.066242404,0.00029999999,7.0,10.0,6.5,6.5,2323.25,140.20999931544065,140.20999931544065,1.0
740000,5.2025914,0.6754285,0.09216927,-5.2674646,0.04513747,0.04521858,0.0663201,0.00029999999,12.0,12.0,6.0,13.0,2495.6666666666665,157.7600001990795,157.7600001990795,1.0
750000,5.265177,0.6480285,0.09741047,-5.314135,0.047622483,0.047604393,0.066035114,0.00029999999,5.5,5.5,4.5,6.5,3013.5,154.59999961405993,154.59999961405993,1.0
760000,5.3221073,0.6139241,0.08950507,-5.3506813,0.043585062,0.043574233,0.06587384,0.00029999999,7.0,7.0,6.0,2.0,3582.0,262.76000020404655,262.76000020404655,1.0
770000,5.360714,0.6788526,0.089208014,-5.386175,0.043384943,0.043588184,0.062745966,0.00029999999,5.5,4.5,7.5,9.0,2755.0,134.72666657467684,134.72666657467684,1.0
780000,5.4091578,0.6261012,0.09256854,-5.427119,0.045000277,0.0451485,0.060497195,0.00029999999,3.0,3.5,3.5,5.0,3166.75,178.05999898910522,178.05999898910522,1.0
790000,5.447763,0.5617296,0.103169635,-5.4654727,0.050560545,0.050226282,0.06194931,0.00029999999,4.0,7.5,4.5,3.5,2614.3333333333335,157.186666816473,157.186666816473,1.0
800000,5.561508,0.6875694,0.092352636,-5.4989076,0.044958398,0.045033585,0.06266036,0.00029999999,5.5,4.5,4.5,7.0,2768.75,188.44666702548662,188.44666702548662,1.0
810000,5.5378547,0.6052976,0.09554539,-5.541238,0.046604127,0.04671424,0.0620544,0.00029999999,6.0,4.0,4.0,5.5,4999.0,214.68500019609928,214.68500019609928,1.0
820000,5.511248,0.6225325,0.09656523,-5.566702,0.047081955,0.04708608,0.06481266,0.0003,13.0,5.0,10.0,6.0,1348.6666666666667,99.53333356976509,99.53333356976509,1.0
830000,5.541902,0.67372686,0.091441944,-5.600825,0.044644795,0.044715043,0.06670735,0.00029999999,3.0,2.5,3.0,4.5,2250.0,143.66666668156782,143.66666668156782,1.0
840000,5.5989513,0.693796,0.09264064,-5.6363173,0.045037586,0.045192316,0.06514988,0.00029999999,8.0,4.5,6.0,6.0,2704.0,162.35333375136057,162.35333375136057,1.0
850000,5.680139,0.6748043,0.09362263,-5.6627593,0.045577668,0.045611277,0.063637935,0.00029999999,7.5,8.0,8.0,5.5,3333.4,198.959999281168,198.959999281168,1.0
860000,5.6534176,0.63143045,0.09154666,-5.6974235,0.0445344,0.04459891,0.06136738,0.00029999999,4.0,3.0,2.5,1.5,3252.25,184.76500054821372,184.76500054821372,1.0
870000,5.715153,0.66553336,0.093273945,-5.7226973,0.045344703,0.045298707,0.06085743,0.00029999999,2.5,3.0,3.0,2.5,2544.0,165.79333463311195,165.79333463311195,1.0
880000,5.682627,0.6491529,0.09358649,-5.748606,0.045711238,0.045822617,0.059914798,0.00029999999,4.0,9.5,8.0,7.5,4460.75,274.0466668009758,274.0466668009758,1.0
890000,5.7354536,0.59831136,0.10137304,-5.7811823,0.049261548,0.049327,0.061717473,0.00029999999,2.5,3.5,2.5,8.5,1522.0,130.40000074108443,130.40000074108443,1.0
900000,5.7484846,0.64519006,0.0913823,-5.8003716,0.04467069,0.04476685,0.06122326,0.0003,8.0,6.0,6.5,5.0,1837.0,110.48000051577885,110.48000051577885,1.0
910000,5.847798,0.684024,0.09878677,-5.818466,0.04804226,0.048146397,0.060594674,0.00029999999,2.0,1.0,2.0,3.0,4630.0,265.3899994120002,265.3899994120002,1.0
920000,5.794221,0.68211275,0.09124775,-5.834728,0.04443316,0.044500988,0.05750222,0.00029999999,3.0,2.0,3.0,1.5,2779.25,165.12500094994903,165.12500094994903,1.0
930000,5.8574057,0.5769006,0.092822164,-5.8588767,0.04518298,0.045158356,0.05643537,0.00029999999,1.0,1.0,2.0,1.0,2253.6666666666665,119.28666724264622,119.28666724264622,1.0
940000,5.8590746,0.59503204,0.09119154,-5.8724437,0.044229884,0.04447836,0.055992253,0.0003,4.5,3.5,4.5,5.0,3787.5,215.68000025302172,215.68000025302172,1.0
950000,5.9081335,0.53219104,0.10719009,-5.8952823,0.052536886,0.052576344,0.056863826,0.00029999999,3.0,5.5,4.5,2.5,4656.5,229.2400008171797,229.2400008171797,1.0
960000,5.884937,0.6252588,0.09570069,-5.9109535,0.04667175,0.046828568,0.058958385,0.00029999999,5.0,5.5,3.5,4.5,2434.3333333333335,157.1533345927795,157.1533345927795,1.0
970000,5.8837366,0.6477969,0.09097192,-5.931948,0.044229083,0.04437252,0.058724537,0.00029999999,8.5,3.0,8.0,7.0,3476.0,211.393333658576,211.393333658576,1.0
980000,5.8754363,0.6064079,0.08794175,-5.9457006,0.042719748,0.042800203,0.058087073,0.00029999999,1.0,2.0,1.0,11.0,1911.3333333333333,120.45333289603393,120.45333289603393,1.0
990000,5.9438267,0.6146584,0.08588663,-5.9585166,0.041825954,0.041769367,0.057136428,0.00029999999,1.5,7.5,2.5,3.5,3317.3333333333335,206.42000153164068,206.42000153164068,1.0
1000000,5.9287944,0.6716209,0.10206009,-5.9793324,0.049715143,0.049757894,0.05772438,0.00029999999,5.5,9.0,7.5,5.5,2715.0,155.52666680018106,155.52666680018106,1.0
1010000,5.974957,0.6661883,0.10377694,-6.0070267,0.049889904,0.05015947,0.057867195,0.00029999999,5.0,6.0,6.5,5.0,1674.5,108.58499979227781,108.58499979227781,1.0
1020000,5.9640617,0.65652007,0.09002545,-6.0162444,0.043919723,0.044059798,0.056353893,0.00029999999,5.0,7.0,4.5,6.5,3890.3333333333335,224.42666654785475,224.42666654785475,1.0
1030000,5.995815,0.6284534,0.09775377,-6.030642,0.047342062,0.047449272,0.0538032,0.00029999999,1.5,6.0,2.5,6.0,3649.25,217.1666673372189,217.1666673372189,1.0
1040000,5.99291,0.57160485,0.09179186,-6.034934,0.044607792,0.04458706,0.05214192,0.00029999999,5.5,8.5,7.5,8.5,2167.3333333333335,178.48500014841557,178.48500014841557,1.0
1050000,6.028946,0.57248294,0.09341787,-6.0465803,0.045481436,0.04535573,0.051789433,0.00029999999,4.5,9.5,6.0,3.5,3296.6,175.35999862849712,175.35999862849712,1.0
1060000,6.0664096,0.61030096,0.09212893,-6.0630083,0.044529703,0.044513877,0.05265238,0.00029999999,5.0,5.5,3.5,3.0,1970.6666666666667,152.64499900117517,152.64499900117517,1.0
1070000,6.0777516,0.52322674,0.089797094,-6.082601,0.043829523,0.04379467,0.053908058,0.0003,0.0,0.0,2.0,3.0,2752.5,181.75999978929758,181.75999978929758,1.0
1080000,6.06506,0.5360439,0.087847434,-6.0885415,0.042570464,0.042697765,0.054748677,0.00029999999,5.5,5.5,5.5,3.5,2191.75,143.13500023633242,143.13500023633242,1.0
1090000,6.0987797,0.52432454,0.08931397,-6.09414,0.043528367,0.043537065,0.054357126,0.00029999999,2.5,6.0,1.5,7.0,3824.3333333333335,229.79333374400935,229.79333374400935,1.0
1100000,6.0777903,0.54373276,0.094259985,-6.1068873,0.045747615,0.045845427,0.05423704,0.00029999999,4.5,2.5,1.5,3.5,3479.0,230.71333237489065,230.71333237489065,1.0
1110000,6.0907106,0.58826274,0.09045324,-6.1087885,0.043989945,0.043860923,0.05425374,0.00029999999,5.5,4.0,3.0,4.0,1879.25,126.20000039041042,126.20000039041042,1.0
1120000,6.1232247,0.6117921,0.09289782,-6.107586,0.045277204,0.04535136,0.05305829,0.00029999999,4.0,4.0,4.5,5.5,2301.0,163.98000046114126,163.98000046114126,1.0
1130000,6.099292,0.5808542,0.088839404,-6.118426,0.043358017,0.043422487,0.052419085,0.00029999999,2.0,3.5,3.5,2.5,2706.0,165.18500084802508,165.18500084802508,1.0
1140000,6.1268773,0.5875404,0.0899758,-6.1321297,0.04389096,0.04404426,0.05324734,0.00029999999,5.0,6.0,3.0,2.0,3073.5,195.9700007364154,195.9700007364154,1.0
1150000,6.0932117,0.58853453,0.08523343,-6.137567,0.041594263,0.04159886,0.053447116,0.00029999999,6.0,4.5,7.0,4.5,3376.6666666666665,217.9000003784895,217.9000003784895,1.0
1160000,6.1339555,0.5813409,0.090493254,-6.1459875,0.04406787,0.0441081,0.052838065,0.00029999999,5.0,4.5,3.5,3.0,4406.75,280.4550009518862,280.4550009518862,1.0
1170000,6.149969,0.52569824,0.08637506,-6.1571403,0.041943748,0.04202495,0.05185235,0.00029999999,8.0,7.0,5.5,4.5,2372.5,143.96000007539988,143.96000007539988,1.0
1180000,6.1511793,0.5280789,0.08947305,-6.1633844,0.04382864,0.043949995,0.05234857,0.00029999999,2.5,6.0,4.0,4.0,3289.0,191.21333386500677,191.21333386500677,1.0
1190000,6.165855,0.5055956,0.09112894,-6.178165,0.044558637,0.04473682,0.05329349,0.00029999999,9.0,11.0,8.0,10.0,1461.6666666666667,103.20000024636586,103.20000024636586,1.0
1200000,6.184981,0.5470862,0.08993902,-6.184556,0.04380974,0.04403775,0.053859517,0.00029999999,5.0,7.5,3.5,6.0,2952.0,196.09333481391272,196.09333481391272,1.0
1210000,6.171043,0.57203835,0.08712931,-6.193094,0.042537604,0.042583317,0.052730888,0.00029999999,5.0,5.5,10.5,7.5,1985.3333333333333,133.44000044465065,133.44000044465065,1.0
1220000,6.2140293,0.52521133,0.09026038,-6.19565,0.044141628,0.044088293,0.051856663,0.00029999999,8.0,7.0,9.0,10.0,4098.0,259.3200005404651,259.3200005404651,1.0
1230000,6.206012,0.4977089,0.096140034,-6.2082677,0.046748575,0.046932988,0.051620133,0.00029999999,6.0,10.5,8.5,9.0,2896.6666666666665,181.57333325346312,181.57333325346312,1.0
1240000,6.2587867,0.48221877,0.09158593,-6.2193704,0.044756785,0.044875916,0.050854202,0.00029999999,6.5,5.0,4.0,6.5,3013.5,202.60500125214458,202.60500125214458,1.0
1250000,6.232936,0.53895557,0.08914347,-6.2294445,0.043351136,0.043473136,0.053035766,0.00029999999,1.0,2.0,1.5,1.0,1842.0,164.5933346847693,164.5933346847693,1.0
1260000,6.2515163,0.51497084,0.09352194,-6.239493,0.04556639,0.045842476,0.053178664,0.00029999999,2.0,3.5,4.0,3.5,3908.2,223.0360004246235,223.0360004246235,1.0
1270000,6.261504,0.5223966,0.091519244,-6.2521563,0.044652984,0.044745523,0.053911403,0.00029999999,2.5,7.0,8.0,6.0,3105.0,217.92000173404813,217.92000173404813,1.0
1280000,6.251987,0.53918195,0.093749814,-6.267067,0.04573033,0.04581922,0.05331926,0.00029999999,9.0,4.0,7.0,6.0,1460.0,107.74000061055024,107.74000061055024,1.0
1290000,6.2428756,0.57012755,0.09246145,-6.277449,0.04504643,0.045124143,0.053827353,0.00029999999,7.0,6.5,7.0,7.5,2037.5,169.56000039478144,169.56000039478144,1.0
1300000,6.2710905,0.5465849,0.09220453,-6.285482,0.044945873,0.04516527,0.05357714,0.00029999999,8.0,7.5,5.0,9.0,2898.75,166.93600057661533,166.93600057661533,1.0
1310000,6.288064,0.5207411,0.09158216,-6.29726,0.04466066,0.044846773,0.053177174,0.00029999999,1.0,2.0,7.0,1.0,3305.25,228.64500088617206,228.64500088617206,1.0
1320000,6.318683,0.5050277,0.09378573,-6.312028,0.045803063,0.045954667,0.05477871,0.00029999999,6.0,6.0,5.0,4.0,2424.25,179.74999921768904,179.74999921768904,1.0
1330000,6.308188,0.5350885,0.09374638,-6.327094,0.045857824,0.045892473,0.056275558,0.00029999999,3.5,6.5,8.5,11.0,1587.0,117.1133346259594,117.1133346259594,1.0
1340000,6.330029,0.61920077,0.09485499,-6.3418803,0.046344128,0.04639043,0.05794692,0.00029999999,4.5,5.5,3.5,6.0,3190.0,216.8950004465878,216.8950004465878,1.0
1350000,6.3512664,0.5404143,0.09372049,-6.3553934,0.045807615,0.045900248,0.056982588,0.00029999999,6.5,7.0,8.5,4.5,2243.8,193.89500093832612,193.89500093832612,1.0
1360000,6.3667107,0.558945,0.09320049,-6.3680353,0.045507412,0.04564073,0.056622177,0.00029999999,5.5,6.0,6.0,3.0,1874.3333333333333,117.73500026017427,117.73500026017427,1.0
1370000,6.369518,0.5117872,0.093238585,-6.379414,0.045537308,0.045557514,0.05697117,0.00029999999,6.0,5.0,5.5,5.5,3826.2,291.15000054985285,291.15000054985285,1.0
1380000,6.38471,0.5552295,0.09544343,-6.3918657,0.046679106,0.046763647,0.057417717,0.00029999999,3.5,2.5,6.5,5.5,3032.0,203.37000035867095,203.37000035867095,1.0
1390000,6.406184,0.58800536,0.09450215,-6.4076333,0.046137016,0.046246946,0.05746197,0.00029999999,10.0,11.0,10.0,9.0,1811.6666666666667,157.1649996228516,157.1649996228516,1.0
1400000,6.41764,0.57090086,0.09294494,-6.4193583,0.04541447,0.04548487,0.05692085,0.00029999999,6.5,5.0,7.5,6.0,2645.3333333333335,179.63333290815353,179.63333290815353,1.0
1410000,6.3980327,0.55425495,0.095185205,-6.4385076,0.04646712,0.04659161,0.05635127,0.00029999999,4.0,9.0,4.5,4.0,2939.25,169.50666724145412,169.50666724145412,1.0
1420000,6.4661403,0.54122585,0.09522644,-6.454689,0.046639036,0.04669076,0.060180612,0.00029999999,10.5,8.0,5.0,3.5,650.3333333333334,139.24500131234527,139.24500131234527,1.0
1430000,6.450914,0.57253474,0.09683785,-6.4718323,0.04731054,0.047504127,0.06053966,0.0003,3.5,3.0,5.0,4.0,3179.3333333333335,212.04000144203505,212.04000144203505,1.0
1440000,6.460014,0.574458,0.09439992,-6.4766855,0.046206437,0.046406027,0.05947555,0.00029999999,6.5,7.0,5.5,7.5,3735.75,256.17000042274594,256.17000042274594,1.0
1450000,6.481644,0.5834983,0.09256033,-6.490067,0.04515336,0.045313533,0.05909666,0.00029999999,6.5,9.5,8.5,5.5,3596.0,236.700000166893,236.700000166893,1.0
1460000,6.493138,0.5497098,0.09493949,-6.5011797,0.046469297,0.046702847,0.059307717,0.00029999999,4.0,7.0,6.0,8.0,2301.0,104.98000056048234,104.98000056048234,1.0
1470000,6.477286,0.5945211,0.09650307,-6.51928,0.04724779,0.04743014,0.059488248,0.00029999999,5.5,7.0,7.5,6.0,3561.3333333333335,261.40500116348267,261.40500116348267,1.0
1480000,6.5464325,0.5405408,0.09635784,-6.5325403,0.046986647,0.047106836,0.058855392,0.00029999999,4.5,5.5,4.5,3.5,2529.6,178.2200005054474,178.2200005054474,1.0
1490000,6.5304193,0.5772992,0.09495808,-6.5440083,0.046480462,0.046524804,0.05809311,0.00029999999,7.5,7.5,6.5,5.5,3553.3333333333335,246.18000175555548,246.18000175555548,1.0
1500000,6.575789,0.5688449,0.09812777,-6.5493026,0.04792734,0.04804482,0.058495373,0.00029999999,8.5,10.5,6.0,4.5,2385.0,194.94000041484833,194.94000041484833,1.0
1510000,6.532697,0.64076644,0.09783853,-6.565914,0.0478324,0.047924,0.0589502,0.00029999999,4.0,9.0,6.0,4.0,2287.6666666666665,167.58000100652376,167.58000100652376,1.0
1520000,6.539744,0.62077975,0.1001429,-6.5783143,0.04892822,0.04903367,0.05943352,0.00029999999,1.5,1.5,4.5,2.0,2433.5,131.96000072856745,131.96000072856745,1.0
1530000,6.6077776,0.583542,0.10003053,-6.597003,0.048979387,0.04894272,0.06085876,0.00029999999,2.0,5.5,3.5,3.0,3044.0,255.66000140458345,255.66000140458345,1.0
1540000,6.6157923,0.5688742,0.1011986,-6.6140733,0.049443245,0.049649395,0.060289096,0.00029999999,5.5,6.0,9.5,4.5,1923.0,146.4400004297495,146.4400004297495,1.0
1550000,6.628119,0.5729123,0.09807454,-6.623061,0.047953278,0.048080776,0.060458813,0.00029999999,6.0,5.0,4.0,1.0,2977.0,217.72499930858612,217.72499930858612,1.0
1560000,6.6790786,0.55595237,0.10008261,-6.63848,0.04896653,0.04904553,0.059069872,0.00029999999,2.0,4.0,3.0,6.0,3545.8,245.23200079202653,245.23200079202653,1.0
1570000,6.6550565,0.5305053,0.102670886,-6.6521626,0.050239127,0.050470866,0.059298377,0.00029999999,5.5,5.5,2.5,6.5,1488.25,152.4933335185051,152.4933335185051,1.0
1580000,6.6413484,0.62716717,0.099034876,-6.663168,0.0483956,0.048598833,0.061517235,0.0003,6.0,7.5,4.0,3.5,2606.75,157.1600003629923,157.1600003629923,1.0
1590000,6.655824,0.65783584,0.09730246,-6.671258,0.047629118,0.047656186,0.060691092,0.00029999999,3.0,3.0,5.0,6.0,2753.75,206.60500136762857,206.60500136762857,1.0
1600000,6.65497,0.5916157,0.09866808,-6.6803656,0.048216186,0.048287608,0.059670478,0.00029999999,4.5,5.5,1.0,2.5,2168.25,176.03000078350306,176.03000078350306,1.0
1610000,6.6945124,0.5635445,0.09904164,-6.6907816,0.04858079,0.048490964,0.059646815,0.00029999999,9.0,5.0,10.5,5.5,683.5,64.64666705826919,64.64666705826919,1.0
1620000,6.6904225,0.585823,0.1004596,-6.7058187,0.049330235,0.049177796,0.060674377,0.00029999999,3.0,12.0,8.0,6.0,1565.6666666666667,111.02500081062317,111.02500081062317,1.0
1630000,6.7247376,0.5514152,0.10231923,-6.723379,0.050184485,0.05019179,0.0623048,0.00029999999,4.5,5.0,7.5,4.5,3729.8,273.6200019985437,273.6200019985437,1.0
1640000,6.709621,0.56018996,0.10102898,-6.7397428,0.04938313,0.04944473,0.061463553,0.00029999999,8.0,3.5,8.0,6.0,3086.4,274.7650006636977,274.7650006636977,1.0
1650000,6.754042,0.5841989,0.100082844,-6.75107,0.04899693,0.04900228,0.062093746,0.00029999999,9.5,6.0,5.0,7.0,2737.5,219.28500116243958,219.28500116243958,1.0
1660000,6.7727757,0.5464179,0.10633268,-6.77564,0.05207356,0.05193301,0.06226121,0.00029999999,5.0,6.5,6.5,5.0,2145.6666666666665,142.1050012856722,142.1050012856722,1.0
1670000,6.7841825,0.5929517,0.102194145,-6.78476,0.04998259,0.050028376,0.061563026,0.00029999999,4.5,3.5,3.5,4.5,3279.0,259.64000197251636,259.64000197251636,1.0
1680000,6.791114,0.60455006,0.10291595,-6.8054366,0.05030479,0.050322708,0.06259578,0.00029999999,2.0,4.0,2.5,2.5,1981.0,173.74499921128154,173.74499921128154,1.0
1690000,6.7912908,0.6108151,0.10367272,-6.812303,0.05064875,0.050714884,0.06424961,0.00029999999,3.5,3.5,3.5,3.0,2414.75,182.87000080943108,182.87000080943108,1.0
1700000,6.816988,0.6182504,0.102153234,-6.834049,0.05005731,0.050120015,0.063001364,0.00029999999,9.0,8.0,11.0,10.0,1969.6666666666667,166.4533347338438,166.4533347338438,1.0
1710000,6.8413224,0.5274282,0.101458915,-6.841233,0.049682785,0.049670715,0.06278776,0.00029999999,8.5,7.0,2.0,2.5,3577.2,267.9720011651516,267.9720011651516,1.0
1720000,6.834625,0.5344665,0.10455544,-6.8588977,0.051194705,0.05123238,0.0631057,0.00029999999,6.0,7.0,5.0,3.5,1885.25,143.88000034540892,143.88000034540892,1.0
1730000,6.8730707,0.6267252,0.104906134,-6.8772426,0.051355828,0.05134272,0.06237314,0.00029999999,7.5,8.0,9.0,7.0,1944.75,157.00500021129847,157.00500021129847,1.0
1740000,6.881092,0.5507677,0.10652453,-6.8956184,0.052010465,0.052141543,0.062427863,0.00029999999,5.0,6.5,6.5,10.0,2608.3333333333335,245.59500113502145,245.59500113502145,1.0
1750000,6.9017763,0.57819134,0.10466653,-6.909427,0.051314685,0.051379263,0.062307555,0.00029999999,5.5,2.5,3.0,3.5,1496.8,155.4150015041232,155.4150015041232,1.0
1760000,6.9226103,0.53925914,0.10220743,-6.927888,0.049952548,0.050136406,0.06468511,0.00029999999,3.0,4.0,3.0,2.5,3158.0,190.66400124132633,190.66400124132633,1.0
1770000,6.9460907,0.6074497,0.10339478,-6.9446225,0.050529562,0.050530892,0.06598656,0.00029999999,6.0,6.5,3.0,6.5,2974.0,222.49499955400825,222.49499955400825,1.0
1780000,6.933123,0.6165789,0.10315601,-6.9601417,0.05039168,0.050518394,0.065490365,0.00029999999,3.0,8.0,6.0,2.0,2063.0,181.90500128269196,181.90500128269196,1.0
1790000,6.9565506,0.54332525,0.10178121,-6.972055,0.049698487,0.049965788,0.065143615,0.00029999999,5.5,5.5,10.0,7.0,2560.25,196.40666820605597,196.40666820605597,1.0
1800000,6.98179,0.60349727,0.104100265,-6.9862456,0.050850134,0.05084058,0.065090485,0.00029999999,5.0,4.0,4.0,3.5,2794.75,260.52500185742974,260.52500185742974,1.0
1810000,7.0253706,0.53581166,0.10269767,-6.996112,0.05012228,0.050119158,0.06466149,0.00029999999,5.0,7.0,4.5,7.0,2590.25,137.38000082969666,137.38000082969666,1.0
1820000,7.0397987,0.6120492,0.108856104,-7.0173435,0.05321556,0.053198487,0.063154615,0.00029999999,6.0,7.5,8.0,6.5,3447.0,280.70400250554087,280.70400250554087,1.0
1830000,7.057048,0.57443047,0.10503125,-7.0415616,0.051419683,0.05148666,0.06225693,0.00029999999,1.0,1.0,1.5,2.5,1705.75,141.21333387494087,141.21333387494087,1.0
1840000,7.041304,0.5299863,0.1063156,-7.0600753,0.052037206,0.052133415,0.063166805,0.00029999999,5.0,7.0,2.0,2.0,2293.6666666666665,163.06000152230263,163.06000152230263,1.0
1850000,7.1159434,0.5217203,0.10831542,-7.075716,0.05276618,0.052965507,0.06438338,0.0003,5.5,6.0,4.5,4.0,2635.75,242.90000149607658,242.90000149607658,1.0
1860000,7.0933247,0.5438508,0.11159587,-7.097197,0.05431482,0.05439325,0.066395685,0.00029999999,6.0,9.0,7.0,8.0,2260.0,177.40000151842833,177.40000151842833,1.0
1870000,7.081411,0.60898507,0.10883153,-7.122722,0.053236533,0.053276468,0.06774243,0.00029999999,4.5,7.0,7.0,4.0,3389.5,281.66000275686383,281.66000275686383,1.0
1880000,7.118838,0.59032613,0.10829301,-7.136112,0.052826073,0.052961145,0.06803111,0.00029999999,5.5,7.0,8.5,7.0,3098.25,277.88666801154613,277.88666801154613,1.0
1890000,7.1211586,0.540867,0.10837994,-7.1491814,0.052836824,0.052958827,0.06717295,0.00029999999,6.0,6.5,7.5,2.5,2202.3333333333335,148.00500083342195,148.00500083342195,1.0
1900000,7.167908,0.5779233,0.10740198,-7.1647677,0.052465327,0.052450188,0.06672959,0.00029999999,6.0,8.0,7.0,8.5,2995.75,231.7600011304021,231.7600011304021,1.0
1910000,7.195609,0.47562608,0.10908371,-7.181636,0.053581387,0.053474937,0.066589445,0.00029999999,8.0,3.5,4.5,5.5,1976.5,126.86000040670235,126.86000040670235,1.0
1920000,7.1442223,0.5657606,0.109726734,-7.2043824,0.053509295,0.05361867,0.069239035,0.00029999999,2.0,4.5,4.5,4.0,2775.0,240.44500207901,240.44500207901,1.0
1930000,7.191288,0.58967286,0.10840544,-7.2186666,0.052807126,0.052864686,0.06925172,0.00029999999,5.5,8.5,6.5,7.0,4190.75,314.22000149389106,314.22000149389106,1.0
1940000,7.2128124,0.6081953,0.107057706,-7.2319317,0.052452073,0.0524714,0.06856844,0.00029999999,8.0,7.0,4.5,7.0,2487.0,220.28500018641353,220.28500018641353,1.0
