Steps,Policy/Extrinsic Value Estimate,Policy/Entropy,Agent1 score,Agent2 score,Agent3 score,Agent4 score,Losses/Value Loss,Losses/Policy Loss,Policy/Learning Rate,Policy/Epsilon,Policy/Beta,Environment/Episode Length,Environment/Cumulative Reward,Policy/Extrinsic Reward,Is Training
40000,0.249073,2.8550956,3.5,4.5,1.0,2.0,0.07349652,0.030100748,0.00029746562,0.19915521,0.0049578445,2467.0,22.449999563395977,22.449999563395977,1.0
50000,0.014149643,2.8653135,2.5,3.5,1.5,2.5,0.112752475,0.02240384,0.0002966949,0.1988983,0.004945025,None,None,None,1.0
60000,0.024294324,2.8588884,1.0,3.5,3.0,3.0,0.061282177,0.021018304,0.00029585496,0.19861832,0.0049310527,None,None,None,1.0
70000,-0.0018612571,2.8553336,1.0,5.0,5.0,4.5,0.033061624,0.021271804,0.0002950821,0.19836076,0.0049181986,None,None,None,1.0
80000,-0.053055003,2.8575022,0.5,2.5,2.5,3.5,0.026281063,0.024020394,0.0002942421,0.19808067,0.0049042264,4998.333333333333,-25.536667158703008,-25.536667158703008,1.0
90000,-0.2060971,2.879467,0.0,0.0,0.0,0.0,0.08614614,0.021567674,0.00029346588,0.19782196,0.004891316,None,None,None,1.0
100000,-0.24165209,2.8791008,0.0,0.5,1.0,2.0,0.028473172,0.035327733,0.00029269312,0.19756432,0.004878461,None,None,None,1.0
110000,-0.2382296,2.8741355,0.0,1.0,3.5,4.0,0.054455534,0.02497753,0.00029192027,0.19730672,0.0048656063,None,None,None,1.0
120000,-0.21819775,2.864495,0.0,1.0,5.0,4.0,0.0435182,0.028150653,0.00029108502,0.19702832,0.0048517147,4999.0,-29.950000513345003,-29.950000513345003,1.0
130000,-0.28247705,2.8597107,1.0,2.0,5.0,4.0,0.0652477,0.031801112,0.00029031647,0.19677214,0.00483893,None,None,None,1.0
140000,-0.20316948,2.8288603,2.5,2.0,5.0,1.0,0.05673258,0.022591246,0.00028954362,0.19651456,0.004826075,None,None,None,1.0
150000,-0.18212001,2.7931714,3.5,2.5,5.0,1.0,0.056130055,0.026161855,0.00028877085,0.19625698,0.004813222,None,None,None,1.0
160000,-0.24984525,2.791313,2.0,1.5,0.5,0.5,0.12563983,0.031580113,0.00028800213,0.19600067,0.0048004347,4974.6,-13.923333689570427,-13.923333689570427,1.0
170000,-0.3078998,2.7631276,2.0,1.0,1.0,0.0,None,None,None,None,None,None,None,None,1.0
180000,-0.23178111,2.6641173,2.5,1.0,1.5,0.0,0.06612168,0.027475275,0.00028722928,0.19574311,0.00478758,None,None,None,1.0
190000,-0.23383968,2.6658242,3.0,2.0,1.5,0.0,0.090614274,0.023531282,0.00028645652,0.19548553,0.0047747255,1461.0,13.54999989271164,13.54999989271164,1.0
200000,-0.19202061,2.6110919,2.0,1.0,1.0,0.5,0.12723334,0.030195473,0.00028568445,0.19522814,0.004761885,4999.0,-7.200000435113907,-7.200000435113907,1.0
210000,-0.25804707,2.632153,3.0,1.0,2.0,1.0,0.10415787,0.023740804,0.00028491585,0.19497198,0.0047491,None,None,None,1.0
220000,-0.21514866,2.4734933,2.5,1.0,2.0,1.0,0.07895229,0.031110974,0.00028409026,0.19469677,0.0047353674,3660.0,21.850000374019146,21.850000374019146,1.0
230000,-0.2513168,2.5029929,1.5,1.5,1.0,1.5,0.13266662,0.024159146,0.0002833213,0.19444041,0.004722578,None,None,None,1.0
240000,-0.244655,2.536906,1.0,1.0,0.5,0.5,0.057545103,0.026852777,0.00028254846,0.19418284,0.0047097225,4999.0,-7.392307538539171,-7.392307538539171,1.0
250000,-0.17266946,2.4961479,1.0,0.0,2.0,2.0,0.13615926,0.022087438,0.00028177752,0.19392583,0.0046968996,None,None,None,1.0
260000,-0.11620448,2.394157,2.0,1.5,2.5,3.5,0.06610578,0.022100735,0.00028100464,0.19366823,0.0046840445,None,None,None,1.0
270000,-0.15728751,2.4486678,1.5,1.5,3.5,5.0,0.05655315,0.018249903,0.00028023604,0.19341199,0.00467126,4999.0,5.299999628216028,5.299999628216028,1.0
280000,-0.1197094,2.4354007,1.0,2.5,1.0,3.0,0.09435915,0.021628255,0.00027946327,0.1931544,0.0046584057,3611.0,6.250000322237611,6.250000322237611,1.0
290000,-0.05991458,2.4882746,1.0,1.0,1.0,1.0,0.16658594,0.025224114,0.00027869112,0.19289699,0.004645561,None,None,None,1.0
300000,-0.055608816,2.2878532,1.0,2.0,2.0,1.0,0.058022633,0.015748808,0.0002779135,0.19263786,0.004632627,4999.0,-22.250000551342964,-22.250000551342964,1.0
310000,0.018933352,2.3007782,1.0,4.0,1.0,2.0,0.11729743,0.0237878,0.0002771449,0.19238167,0.004619843,None,None,None,1.0
320000,0.02037901,2.2464597,0.5,3.5,1.0,2.0,0.09484117,0.023406414,0.00027637635,0.19212541,0.004607058,4999.0,11.179167026343444,11.179167026343444,1.0
330000,0.014713243,2.2561202,0.0,2.0,2.0,1.0,0.18806678,0.02621721,0.00027560644,0.19186881,0.004594254,None,None,None,1.0
340000,0.038975094,2.2169225,1.5,2.5,3.0,1.0,0.11627431,0.020090012,0.0002748367,0.19161223,0.0045814505,855.0,17.750000536441803,17.750000536441803,1.0
350000,0.0638887,2.2114127,2.0,4.0,1.5,1.0,0.07311402,0.027728083,0.00027406323,0.19135441,0.0045685857,4999.0,-17.249999906867743,-17.249999906867743,1.0
360000,0.06351185,2.2325706,6.0,1.5,1.5,1.5,0.11544851,0.028061377,0.0002732947,0.19109823,0.0045558014,4999.0,-13.37499994598329,-13.37499994598329,1.0
370000,-0.030899206,2.2775156,2.0,3.0,1.0,1.0,0.09024945,0.02253902,0.0002725261,0.19084206,0.0045430167,None,None,None,1.0
380000,0.0025612183,2.169392,4.0,3.0,1.0,1.5,0.070438154,0.023744857,0.0002717575,0.19058578,0.004530234,4199.0,0.7250001318752766,0.7250001318752766,1.0
390000,0.08385626,1.8843468,3.5,3.0,1.0,2.0,0.12627819,0.029468406,0.00027098885,0.19032961,0.0045174486,None,None,None,1.0
400000,0.065429114,1.9509627,0.5,1.5,0.5,1.0,0.10921064,0.023767242,0.00027022033,0.19007345,0.0045046643,4999.0,4.199999905005098,4.199999905005098,1.0
410000,0.0973309,1.8766412,1.0,0.0,1.0,0.0,0.12101782,0.016289892,0.0002694517,0.18981726,0.0044918796,None,None,None,1.0
420000,0.13949107,1.8522366,5.0,0.0,2.5,0.5,0.16721219,0.017466294,0.0002686797,0.1895599,0.004479038,3033.5,19.674999698996544,19.674999698996544,1.0
430000,0.17069867,1.7864771,1.5,5.0,2.0,1.0,0.1813093,0.026865462,0.00026790626,0.18930207,0.004466175,4999.0,15.59999991953373,15.59999991953373,1.0
440000,0.05426709,2.0234287,2.0,1.0,3.0,1.5,0.1427709,0.031656303,0.00026710186,0.18903396,0.004452794,4003.6666666666665,13.183333970606327,13.183333970606327,1.0
450000,0.043864083,1.7938372,2.0,1.0,1.5,1.0,0.06971736,0.022429015,0.00026633326,0.18877777,0.0044400096,None,None,None,1.0
460000,0.07090747,1.9488845,2.0,1.5,3.5,1.0,0.282828,0.025364185,0.00026556203,0.18852063,0.004427181,4980.5,28.22500129044056,28.22500129044056,1.0
470000,0.046648644,1.9593118,3.0,2.5,1.0,1.0,0.051857363,0.026328007,0.0002647893,0.18826307,0.004414327,None,None,None,1.0
480000,0.041423164,1.8839284,1.0,0.5,1.0,0.5,0.098946944,0.026749337,0.00026401645,0.18800548,0.004401474,4999.0,4.668750082608312,4.668750082608312,1.0
490000,0.09443172,1.7523621,3.0,2.0,4.0,0.0,None,None,None,None,None,None,None,None,1.0
500000,0.106156796,1.8721113,3.5,3.0,5.0,3.0,0.13730668,0.021680336,0.0002632436,0.1877479,0.004388618,4999.0,8.575000025331974,8.575000025331974,1.0
510000,0.15049118,1.8129146,3.0,4.0,2.0,2.0,0.1284749,0.026457226,0.0002624745,0.18749146,0.0043758247,4999.0,3.4500000327825546,3.4500000327825546,1.0
520000,0.2384751,1.809381,4.0,1.5,4.0,1.5,0.1927261,0.024450017,0.00026170583,0.1872353,0.00436304,4999.0,10.449999800572792,10.449999800572792,1.0
530000,0.3495553,1.7269595,3.0,1.0,1.0,2.0,0.21124133,0.025284572,0.00026093604,0.18697868,0.0043502357,1018.0,32.40000019222498,32.40000019222498,1.0
540000,0.39745206,1.7596686,1.0,1.0,1.0,1.0,0.26688984,0.024712142,0.00026016362,0.18672124,0.004337387,4999.0,42.30000074394047,42.30000074394047,1.0
550000,0.40990463,1.6913452,1.0,1.0,1.0,3.0,0.23877114,0.01570966,0.00025939438,0.1864648,0.0043245936,None,None,None,1.0
560000,0.31727344,1.7581354,1.0,0.5,0.5,2.0,0.05388725,0.017525975,0.00025862164,0.18620723,0.0043117395,4999.0,17.21875041211024,17.21875041211024,1.0
570000,0.34959692,1.6605253,0.0,0.0,0.0,2.0,0.14869906,0.021939708,0.00025784882,0.18594964,0.004298886,2613.0,43.79999965056777,43.79999965056777,1.0
580000,0.3754385,1.6740574,0.0,4.5,1.0,4.0,0.21529664,0.023994965,0.00025707675,0.18569227,0.0042860433,4999.0,58.77500016987324,58.77500016987324,1.0
590000,0.40397918,1.6526332,1.0,1.5,2.0,1.0,0.3265632,0.023863982,0.00025630754,0.18543583,0.0042732493,4999.0,17.850000113248825,17.850000113248825,1.0
600000,0.3657703,1.7426343,1.0,4.0,3.0,2.0,0.1150878,0.023014767,0.000255539,0.18517967,0.0042604646,3387.6666666666665,38.533334378153086,38.533334378153086,1.0
610000,0.4317131,1.5986668,2.0,1.5,2.5,1.0,0.47124544,0.01896736,0.00025476696,0.18492228,0.004247622,2942.0,28.050000101327896,28.050000101327896,1.0
620000,0.48315945,1.5871772,4.5,2.0,1.0,0.5,0.23723346,0.019035611,0.00025399416,0.18466473,0.0042347694,4999.0,38.29999965056777,38.29999965056777,1.0
630000,0.6646399,1.3822417,6.5,1.0,4.0,3.5,0.33793893,0.01753824,0.00025322507,0.18440832,0.0042219753,None,None,None,1.0
640000,0.54901034,1.6508961,3.5,0.5,1.0,0.5,0.108511694,0.021726102,0.0002524564,0.18415213,0.004209191,4999.0,35.14285737116422,35.14285737116422,1.0
650000,0.5048913,1.4585227,0.0,0.0,0.0,3.0,0.17789812,0.02849572,0.0002516848,0.18389496,0.0041963556,4999.0,4.450000494718552,4.450000494718552,1.0
660000,0.539929,1.510198,0.5,0.0,0.0,1.0,0.17052355,0.028607335,0.0002509156,0.18363854,0.004183562,3662.3333333333335,21.000000012417633,21.000000012417633,1.0
670000,0.52500093,1.4297774,3.5,2.5,4.0,2.5,0.3030788,0.026848922,0.0002501441,0.18338141,0.0041707307,4999.0,19.000000525265932,19.000000525265932,1.0
680000,0.6300375,1.3493799,2.0,2.5,6.0,4.0,0.14352493,0.022508197,0.00024937134,0.18312374,0.0041578766,4999.0,31.025000078603625,31.025000078603625,1.0
690000,0.7938798,1.2866932,2.0,0.5,0.0,1.0,0.36340794,0.02969558,0.000248603,0.18286762,0.004145095,3805.5,46.95000079087913,46.95000079087913,1.0
700000,0.85007536,1.3749206,3.0,3.0,2.0,2.5,0.33256838,0.022722224,0.00024783378,0.1826113,0.0041323015,3666.25,46.18750001490116,46.18750001490116,1.0
710000,0.93376994,1.4004514,1.5,1.5,0.5,4.0,0.62164307,0.022261947,0.0002470632,0.18235442,0.0041194847,1681.6666666666667,46.95000057170788,46.95000057170788,1.0
720000,0.93028384,1.4374136,1.0,1.0,0.5,0.5,0.36029986,0.02420184,0.0002462925,0.18209748,0.0041066646,4756.0,49.899999966472386,49.899999966472386,1.0
730000,1.0710216,1.4775245,0.0,1.0,1.0,3.0,0.26292264,0.0177283,0.00024552265,0.18184087,0.0040938584,3750.0,56.02500111423433,56.02500111423433,1.0
740000,1.2692188,1.3057526,0.5,1.5,2.0,0.5,0.52768767,0.02321135,0.0002447517,0.18158391,0.0040810355,2567.5,42.87500049546361,42.87500049546361,1.0
750000,1.3072548,1.2914724,1.0,0.5,0.5,0.5,0.43612355,0.023631139,0.00024398214,0.18132734,0.004068234,1871.0,43.583333703378834,43.583333703378834,1.0
760000,1.4454733,1.3512474,4.0,4.5,3.0,1.0,0.5996373,0.027538674,0.00024320962,0.18106985,0.004055386,2387.6,54.26000033542514,54.26000033542514,1.0
770000,1.5739901,1.2989041,4.5,3.0,4.5,5.0,0.551713,0.026185073,0.00024243447,0.18081146,0.0040424922,1797.2,45.8300002835691,45.8300002835691,1.0
780000,1.7480022,1.2662543,0.5,2.0,1.0,1.5,0.77336735,0.017711384,0.00024164918,0.18054968,0.00402943,2321.25,56.17499996442348,56.17499996442348,1.0
790000,1.7532316,1.2589877,1.5,3.0,1.5,2.0,0.46351513,0.025369724,0.00024087197,0.18029065,0.0040165028,2496.5,65.70000059250742,65.70000059250742,1.0
800000,1.9314173,1.2210274,3.5,3.5,4.0,0.0,0.72927016,0.025101153,0.00024010087,0.18003362,0.004003676,2789.5,71.76875045336783,71.76875045336783,1.0
810000,2.2762659,1.094133,0.0,0.0,0.0,0.0,0.8067036,0.022835005,0.00023932739,0.17977576,0.0039908118,3111.5,90.52500072680414,90.52500072680414,1.0
820000,2.337907,1.1309009,3.0,3.0,4.5,6.5,0.6788468,0.024068495,0.00023855593,0.17951865,0.003977979,929.0,39.96249982248992,39.96249982248992,1.0
830000,2.5565054,1.1003814,1.0,2.5,0.5,1.5,0.8617054,0.022652823,0.00023778329,0.17926112,0.003965127,1678.3333333333333,72.33333362763126,72.33333362763126,1.0
840000,2.613127,1.0765033,3.5,4.0,4.0,2.5,0.83918166,0.022708531,0.00023701046,0.17900352,0.003952273,1324.0,62.70999983921647,62.70999983921647,1.0
850000,2.791907,1.0393786,1.5,2.5,1.5,4.5,None,None,None,None,None,1027.25,52.660000211000444,52.660000211000444,1.0
860000,3.0219212,1.0107833,0.5,0.0,0.5,0.0,0.7913159,0.022958966,0.00023623789,0.17874591,0.0039394223,2395.8571428571427,87.81428629745331,87.81428629745331,1.0
870000,3.1793737,0.9457781,1.5,4.5,2.0,1.0,0.9246368,0.03267337,0.00023546527,0.17848839,0.00392657,2678.3333333333335,107.95000003402431,107.95000003402431,1.0
880000,3.2970033,0.96884614,2.0,1.0,2.0,1.0,0.83856064,0.022890324,0.00023469547,0.17823178,0.0039137667,1175.0,65.23333301457266,65.23333301457266,1.0
890000,3.6481292,0.88397735,0.0,0.0,0.0,0.0,0.9869469,0.018375615,0.00023392627,0.17797536,0.0039009727,935.3333333333334,54.599999874830246,54.599999874830246,1.0
900000,3.7662868,0.9060352,2.0,3.0,1.5,1.0,0.9554497,0.025192905,0.00023315806,0.17771931,0.0038881958,1897.0,100.42857108850565,100.42857108850565,1.0
910000,3.8718686,0.8896289,1.5,1.0,1.5,3.0,0.9292594,0.022956332,0.00023238933,0.1774631,0.0038754095,1700.0,100.46249965811148,100.46249965811148,1.0
920000,4.155322,0.7971001,2.0,1.5,2.5,3.0,0.9351812,0.029922694,0.00023161896,0.17720635,0.003862595,520.5,43.624999802559614,43.624999802559614,1.0
930000,4.28499,0.78860396,6.0,5.0,1.5,3.0,0.8661404,0.020295065,0.00023084736,0.17694908,0.0038497602,1307.5,80.9666664917022,80.9666664917022,1.0
940000,4.37767,0.78610504,1.0,1.5,2.0,1.5,0.75564617,0.03146537,0.00023007627,0.17669205,0.003836935,1865.7142857142858,118.14999952433365,118.14999952433365,1.0
950000,4.4758925,0.8104764,2.5,0.5,3.5,1.5,1.0286304,0.018377615,0.00022930659,0.17643552,0.003824132,1395.6666666666667,86.79999933888514,86.79999933888514,1.0
960000,4.731344,0.79221433,5.0,4.5,4.0,2.5,0.83589166,0.0243122,0.00022853624,0.17617877,0.0038113175,1969.3333333333333,126.73888871984349,126.73888871984349,1.0
970000,4.8761716,0.7882704,3.0,4.0,5.0,6.0,1.0137196,0.02345408,0.00022776482,0.17592157,0.0037984874,965.5714285714286,77.53571360771146,77.53571360771146,1.0
980000,5.1150866,0.76953095,4.5,2.0,4.5,3.5,0.7412027,0.023049287,0.00022699457,0.17566486,0.0037856763,1432.125,91.56249951804057,91.56249951804057,1.0
990000,5.215172,0.788867,2.0,2.0,3.0,4.0,0.8078407,0.027292468,0.00022622394,0.17540795,0.0037728574,991.8571428571429,76.98571395874023,76.98571395874023,1.0
1000000,5.320033,0.79954195,1.5,3.5,2.5,1.0,0.8800383,0.023545355,0.0002254516,0.17515048,0.00376001,1526.5714285714287,100.79285678693226,100.79285678693226,1.0
1010000,5.604841,0.7727803,1.5,2.0,2.0,3.5,0.95609,0.022813888,0.00022468329,0.17489439,0.003747231,1842.142857142857,130.85714219138026,130.85714219138026,1.0
1020000,5.6641827,0.7705979,1.0,2.5,1.0,1.0,0.8800522,0.02554056,0.0002239149,0.17463827,0.0037344492,1040.375,83.64999984716997,83.64999984716997,1.0
1030000,5.8608327,0.7403692,3.5,1.0,0.5,1.5,0.9376583,0.029303161,0.00022314518,0.1743817,0.0037216467,1900.125,137.1999992923811,137.1999992923811,1.0
1040000,6.0249205,0.7259705,2.5,2.0,2.5,2.0,0.89344823,0.0245715,0.00022237463,0.17412482,0.0037088303,1335.0,110.46428512143237,110.46428512143237,1.0
1050000,6.1038227,0.7513577,5.0,5.0,3.0,6.0,0.8502268,0.020934943,0.00022160572,0.17386858,0.0036960403,1571.7142857142858,125.94999961767878,125.94999961767878,1.0
1060000,6.2161613,0.7490688,2.0,1.0,0.5,4.0,0.7869816,0.025139619,0.00022083697,0.17361227,0.0036832537,795.5,71.48124962579459,71.48124962579459,1.0
1070000,6.3427477,0.74383616,1.5,3.0,1.5,2.0,0.8159395,0.016913407,0.00022005988,0.17335325,0.0036703283,1316.6666666666667,109.39444378018379,109.39444378018379,1.0
1080000,6.494949,0.72407526,4.5,4.5,4.0,2.0,0.86019254,0.026214696,0.00021928833,0.17309612,0.0036574954,1236.375,99.09999990276992,99.09999990276992,1.0
1090000,6.588637,0.7317951,4.0,5.0,3.5,4.0,0.99635386,0.02374659,0.000218517,0.17283902,0.0036446652,932.5,85.64374968316406,85.64374968316406,1.0
1100000,6.768515,0.700714,4.0,2.5,4.0,2.0,0.87999135,0.026448064,0.00021774803,0.17258267,0.0036318754,752.25,72.4437495637685,72.4437495637685,1.0
1110000,6.8912706,0.70661515,3.0,5.0,5.0,3.5,0.86223614,0.024579724,0.0002169766,0.17232554,0.003619043,1960.75,166.9937487929128,166.9937487929128,1.0
1120000,6.982341,0.7035601,5.0,5.5,2.5,3.0,0.83344275,0.020232765,0.00021620777,0.1720692,0.003606254,879.25,80.85624960809946,80.85624960809946,1.0
1130000,7.133429,0.72395176,3.0,4.0,3.0,5.0,0.85920376,0.016480599,0.00021543713,0.17181239,0.0035934364,1221.2222222222222,115.41666608634922,115.41666608634922,1.0
1140000,7.283084,0.7287142,2.5,3.0,3.0,1.5,0.8255444,0.025605418,0.00021466696,0.17155561,0.003580625,1403.4,129.64499913677574,129.64499913677574,1.0
1150000,7.406949,0.6990925,2.5,5.5,2.5,3.5,0.8260995,0.022652427,0.00021389866,0.17129952,0.003567846,1523.5555555555557,139.3944430616167,139.3944430616167,1.0
1160000,7.4872336,0.72908515,4.0,3.5,0.5,3.0,0.8733538,0.027658107,0.00021312632,0.17104207,0.0035550003,1160.5555555555557,107.89999898771445,107.89999898771445,1.0
1170000,7.610075,0.71562314,4.5,3.5,2.5,3.0,0.7940113,0.025795497,0.00021235515,0.17078501,0.003542173,927.7777777777778,88.1888881760339,88.1888881760339,1.0
1180000,7.73727,0.70055264,4.5,4.5,4.0,3.0,0.7912557,0.02379009,0.00021158408,0.170528,0.0035293482,901.5555555555555,89.10555452605088,89.10555452605088,1.0
1190000,7.874351,0.69190025,3.0,3.5,3.0,4.0,0.9123104,0.023932057,0.00021081598,0.17027195,0.0035165711,1075.3,104.58499895296991,104.58499895296991,1.0
1200000,7.9790206,0.6806332,1.5,2.5,2.5,4.0,0.87502784,0.02635815,0.0002100449,0.17001492,0.0035037464,995.1111111111111,92.7444440205064,92.7444440205064,1.0
1210000,8.145115,0.67089444,5.0,3.0,4.0,1.0,0.9435459,0.026615418,0.00020927626,0.16975877,0.0034909616,1075.0,113.97499865368009,113.97499865368009,1.0
1220000,8.280834,0.66616964,2.0,3.0,3.0,5.0,0.8396862,0.017371468,0.00020850034,0.16950016,0.0034780554,714.7777777777778,85.55555486679077,85.55555486679077,1.0
1230000,8.385019,0.67052484,3.0,4.0,2.5,2.5,None,None,None,None,None,989.8888888888889,117.32499914467334,117.32499914467334,1.0
1240000,8.414239,0.6528789,2.0,3.5,3.0,4.5,0.94068915,0.026115896,0.00020772764,0.16924252,0.0034652026,1003.9,101.76499963402748,101.76499963402748,1.0
1250000,8.542,0.64212734,0.5,0.5,1.5,0.5,0.862194,0.019565368,0.00020695952,0.16898647,0.0034524268,818.1,86.74999958276749,86.74999958276749,1.0
1260000,8.581878,0.6458205,3.0,3.0,2.0,1.5,0.8255441,0.0190061,0.00020618207,0.16872735,0.0034394935,1005.6666666666666,104.05555486679077,104.05555486679077,1.0
1270000,8.691046,0.64765143,5.0,3.0,1.0,5.0,0.9198576,0.02550477,0.00020540929,0.16846977,0.0034266408,499.4,59.58499946594238,59.58499946594238,1.0
1280000,8.645136,0.63696647,3.5,5.0,2.5,3.5,0.8224449,0.028051881,0.00020463827,0.16821276,0.0034138164,1772.7777777777778,170.12777624941535,170.12777624941535,1.0
1290000,8.780157,0.63275844,6.0,6.0,7.0,7.0,0.9266103,0.0177424,0.00020386983,0.16795665,0.0034010343,1316.9,133.50999859794973,133.50999859794973,1.0
1300000,8.848096,0.6219612,3.5,2.5,1.5,4.0,0.925793,0.025868027,0.00020309999,0.16769995,0.0033882281,1347.3,140.53999891243876,140.53999891243876,1.0
1310000,8.91278,0.6356894,3.5,2.5,4.0,3.5,0.88610166,0.031789534,0.00020233185,0.16744392,0.0033754534,901.1,100.42499889731407,100.42499889731407,1.0
1320000,9.022876,0.62505007,5.0,5.5,4.5,5.0,0.8652347,0.019012997,0.00020156273,0.16718756,0.0033626582,923.8,98.30499940030276,98.30499940030276,1.0
1330000,9.106894,0.6295101,0.5,0.5,1.5,1.0,0.8182382,0.021287253,0.00020079255,0.16693081,0.003349848,978.8,113.86499903202056,113.86499903202056,1.0
1340000,9.219786,0.6260913,3.0,5.5,3.5,3.5,0.8890234,0.021718169,0.00020002358,0.16667455,0.003337058,1107.6363636363637,116.34090787544847,116.34090787544847,1.0
1350000,9.26611,0.6130864,5.0,3.0,5.5,4.0,0.8513443,0.028497923,0.00019925367,0.1664179,0.0033242526,847.4,95.75999960899352,95.75999960899352,1.0
1360000,9.359612,0.61761826,3.0,3.5,2.0,3.0,0.81942254,0.018926533,0.00019848354,0.16616115,0.003311442,1145.7,125.78999925367535,125.78999925367535,1.0
1370000,9.454372,0.6135491,4.0,1.0,5.0,2.0,0.79403716,0.023417182,0.00019771326,0.16590443,0.0032986302,934.9090909090909,102.83636264367537,102.83636264367537,1.0
1380000,9.495382,0.59818506,4.5,2.5,3.5,4.0,0.9723404,0.015020686,0.00019694443,0.16564812,0.003285841,618.5555555555555,75.01111057069566,75.01111057069566,1.0
1390000,9.58293,0.6078846,2.5,2.0,4.0,4.5,0.7522625,0.023122856,0.0001961758,0.16539192,0.0032730564,821.9090909090909,94.82272665710612,94.82272665710612,1.0
1400000,9.614179,0.5703198,4.0,4.0,3.5,2.5,0.8552288,0.025322357,0.00019540435,0.16513477,0.0032602244,1042.5,120.80999904870987,120.80999904870987,1.0
1410000,9.607711,0.5809452,3.5,1.5,1.0,3.0,0.8892418,0.027124733,0.00019462743,0.16487584,0.003247303,1392.2222222222222,145.19444350525737,145.19444350525737,1.0
1420000,9.660614,0.5765401,1.5,3.0,1.5,5.0,0.86253744,0.026366003,0.00019385836,0.16461942,0.0032345084,1010.7,113.42999915592372,113.42999915592372,1.0
1430000,9.733755,0.58285755,3.5,2.5,5.0,4.5,0.7891321,0.025193503,0.00019308798,0.16436261,0.0032216967,795.6,93.7799990683794,93.7799990683794,1.0
1440000,9.791191,0.57222193,1.5,2.5,1.5,2.5,0.868653,0.020636436,0.00019231859,0.16410622,0.0032088982,1206.7777777777778,138.88333146563835,138.88333146563835,1.0
1450000,9.812222,0.5764022,3.0,3.0,3.0,2.0,0.85584944,0.026597908,0.00019154647,0.16384882,0.0031960546,691.0,81.19999997615814,81.19999997615814,1.0
1460000,9.8693495,0.5605355,1.0,3.5,2.5,2.5,0.8251323,0.02710841,0.00019077578,0.16359189,0.003183236,1330.8181818181818,142.84090760350227,142.84090760350227,1.0
1470000,9.918362,0.570647,1.5,1.0,3.0,3.5,0.95083827,0.02782818,0.0001900052,0.16333503,0.0031704183,707.0,88.9545447403057,88.9545447403057,1.0
1480000,9.939093,0.5715138,1.0,1.0,0.5,1.0,0.8533205,0.02831674,0.00018923456,0.16307822,0.003157601,906.8,106.84999942779541,106.84999942779541,1.0
1490000,10.015963,0.5597896,4.0,5.0,5.0,1.5,0.8404323,0.024877783,0.00018846536,0.16282177,0.003144807,999.3636363636364,121.17727188630538,121.17727188630538,1.0
1500000,10.084615,0.54326206,3.0,4.0,2.0,2.0,0.92307,0.020531815,0.00018769232,0.16256413,0.0031319484,1031.3636363636363,118.79545372182673,118.79545372182673,1.0
1510000,10.0992,0.5553545,2.0,2.5,2.0,4.5,0.8018555,0.03040181,0.00018691976,0.1623066,0.0031190973,1060.090909090909,122.4599989414215,122.4599989414215,1.0
1520000,10.091026,0.5612021,5.0,3.0,4.0,1.5,0.78547674,0.021451818,0.0001861487,0.16204959,0.0031062728,1032.8,114.89999895204197,114.89999895204197,1.0
1530000,10.171139,0.53632295,1.0,2.0,2.0,2.0,0.8684152,0.022937166,0.00018537775,0.16179258,0.0030934487,712.3,85.48999938964843,85.48999938964843,1.0
1540000,10.17987,0.5454874,3.5,3.5,2.0,2.0,0.9622833,0.026135325,0.00018460614,0.16153534,0.0030806137,915.0909090909091,104.64090820876035,104.64090820876035,1.0
1550000,10.181812,0.53565264,3.5,5.0,4.5,4.0,0.8022061,0.020230623,0.00018383421,0.16127808,0.0030677752,943.9,116.32499928474427,116.32499928474427,1.0
1560000,10.226369,0.52258486,3.0,3.5,2.0,3.5,0.762679,0.02562452,0.00018305694,0.16101892,0.003054845,1031.7272727272727,113.50908990813927,113.50908990813927,1.0
1570000,10.317457,0.5578332,3.0,2.0,3.0,2.5,0.8691513,0.024059575,0.00018228608,0.160762,0.0030420253,792.1818181818181,96.0954536578872,96.0954536578872,1.0
1580000,10.320772,0.5506242,4.0,3.5,2.0,5.0,0.7737714,0.023095798,0.0001815172,0.16050574,0.0030292354,1170.5454545454545,138.61818024888635,138.61818024888635,1.0
1590000,10.355351,0.52735794,2.0,2.0,2.5,3.0,None,None,None,None,None,1011.9090909090909,117.54090743274851,117.54090743274851,1.0
1600000,10.481961,0.52700895,4.0,4.5,3.0,3.5,0.7641704,0.029484613,0.00018074652,0.16024882,0.0030164171,869.5,105.47999951355159,105.47999951355159,1.0
1610000,10.455109,0.53294754,1.0,3.0,1.0,4.0,0.99405247,0.021212496,0.0001799785,0.15999277,0.003003641,606.1818181818181,77.96818116036329,77.96818116036329,1.0
1620000,10.450021,0.51485044,2.0,2.5,2.5,2.0,0.87913924,0.024449836,0.00017920662,0.15973555,0.0029908032,1228.8,143.1049983739853,143.1049983739853,1.0
1630000,10.468622,0.52175176,2.5,2.0,0.0,1.5,0.91556364,0.02543396,0.00017843522,0.15947837,0.0029779703,891.0909090909091,101.7409083572301,101.7409083572301,1.0
1640000,10.496723,0.5086394,4.0,4.5,2.5,4.5,0.81047064,0.026790908,0.00017766174,0.15922056,0.002965106,1186.1,140.38999869823456,140.38999869823456,1.0
1650000,10.437233,0.513532,3.5,3.0,3.0,3.0,0.8207447,0.02415248,0.00017688904,0.15896302,0.0029522541,810.7,95.96999941579998,95.96999941579998,1.0
1660000,10.513075,0.5094672,4.5,4.0,2.0,4.5,0.6929638,0.02892243,0.00017611556,0.15870519,0.0029393882,636.4,76.32499932050705,76.32499932050705,1.0
1670000,10.579795,0.49618182,0.5,0.5,2.0,3.0,0.775103,0.024980474,0.00017534633,0.15844876,0.0029265943,1153.3,132.27499876618384,132.27499876618384,1.0
1680000,10.683085,0.49905115,5.5,4.0,1.0,2.0,0.81576467,0.021446915,0.00017457598,0.158192,0.00291378,592.9090909090909,82.32499952316284,82.32499952316284,1.0
1690000,10.683058,0.5172885,1.0,3.0,3.0,2.0,0.7587579,0.024068622,0.00017380605,0.1579353,0.0029009725,1291.4444444444443,137.79499864578247,137.79499864578247,1.0
1700000,10.753176,0.5119067,3.0,4.5,4.5,3.0,0.77210546,0.024914425,0.00017303425,0.15767808,0.0028881358,625.6363636363636,76.59999933567914,76.59999933567914,1.0
1710000,10.755931,0.5104763,2.5,5.5,3.5,4.0,0.77454555,0.024187008,0.0001722655,0.15742184,0.0028753495,1182.0,144.19999888539314,144.19999888539314,1.0
1720000,10.7581835,0.51468796,3.0,2.5,4.0,1.5,0.8761519,0.016345656,0.00017148811,0.15716268,0.0028624171,1321.3636363636363,152.8909075063738,152.8909075063738,1.0
1730000,10.64542,0.50317544,2.5,2.5,2.0,1.5,0.8053405,0.023607744,0.00017071668,0.15690558,0.0028495868,544.0909090909091,69.48181789571589,69.48181789571589,1.0
1740000,10.7718115,0.49231783,2.5,3.0,3.0,3.0,0.83626187,0.021020507,0.00016994665,0.15664881,0.0028367778,731.0833333333334,97.33749958872795,97.33749958872795,1.0
1750000,10.738768,0.4941859,2.0,2.5,2.0,1.0,0.8368719,0.028238272,0.00016917814,0.15639266,0.0028239952,1061.7,120.1349990785122,120.1349990785122,1.0
1760000,10.80196,0.49152672,4.5,5.0,3.0,3.0,0.7911866,0.022845564,0.0001684066,0.15613553,0.0028111627,923.0833333333334,113.90416563302279,113.90416563302279,1.0
1770000,10.897148,0.4976569,2.0,1.0,2.0,7.0,0.89656514,0.019528497,0.0001676367,0.15587889,0.0027983559,815.3636363636364,107.21818154508418,107.21818154508418,1.0
1780000,10.944249,0.47890857,1.0,2.5,3.0,2.0,0.80801165,0.020178387,0.0001668643,0.15562145,0.0027855092,1140.0,140.74499849677085,140.74499849677085,1.0
1790000,10.958439,0.49086076,3.0,1.0,4.0,5.0,0.81668574,0.024944598,0.00016609536,0.15536506,0.0027727184,618.3636363636364,81.50454491376877,81.50454491376877,1.0
1800000,10.990108,0.51333547,2.5,2.5,2.0,2.0,0.91487545,0.029415715,0.00016532552,0.15510848,0.0027599125,768.9166666666666,96.5374991496404,96.5374991496404,1.0
1810000,11.07358,0.5120515,2.5,2.0,1.0,2.0,0.853093,0.019519167,0.0001645572,0.15485238,0.0027471336,1614.4166666666667,191.71666501555592,191.71666501555592,1.0
1820000,11.055237,0.49993128,3.5,4.0,2.5,2.0,0.9173171,0.028034132,0.00016378488,0.15459493,0.002734288,732.4,92.38999893665314,92.38999893665314,1.0
1830000,11.086995,0.5140837,1.0,2.0,2.0,1.5,0.8475063,0.024115987,0.00016301071,0.15433688,0.0027214093,973.0,117.84999880194664,117.84999880194664,1.0
1840000,11.115317,0.49655482,3.5,1.0,3.5,4.5,0.75819117,0.026055159,0.00016223833,0.15407942,0.0027085629,827.0909090909091,104.32272631471807,104.32272631471807,1.0
1850000,11.1248665,0.50114423,4.0,6.0,4.0,6.0,0.9478223,0.02370634,0.00016146859,0.15382287,0.0026957607,895.4545454545455,113.82272617383437,113.82272617383437,1.0
1860000,11.143042,0.5030276,2.5,3.5,3.0,3.0,0.8810819,0.022408474,0.00016069847,0.15356617,0.0026829513,708.0,91.19090837240219,91.19090837240219,1.0
1870000,11.178001,0.5024048,3.5,4.5,3.5,1.0,0.9029542,0.022787265,0.00015992844,0.15330942,0.0026701412,721.4545454545455,93.25454466756095,93.25454466756095,1.0
1880000,11.142465,0.49328014,1.0,3.5,2.0,2.5,0.761812,0.026704771,0.00015916032,0.15305343,0.0026573665,1348.25,160.22083201197287,160.22083201197287,1.0
1890000,11.1134615,0.5089827,2.0,2.0,3.0,2.5,0.9094027,0.028136645,0.00015839156,0.15279719,0.0026445785,614.6363636363636,85.44545370882207,85.44545370882207,1.0
1900000,11.108809,0.50201356,2.0,1.5,1.5,1.5,0.9981779,0.028948227,0.00015762301,0.152541,0.0026317954,1140.9166666666667,138.5208326379458,138.5208326379458,1.0
1910000,11.104915,0.4980298,3.5,1.5,2.5,3.5,0.75854623,0.027870778,0.00015685249,0.15228415,0.0026189785,664.3636363636364,86.62272668088025,86.62272668088025,1.0
1920000,11.094899,0.48936895,4.0,3.0,3.5,5.5,0.78177035,0.027976627,0.00015607981,0.1520266,0.0026061258,1088.8333333333333,135.1666655590137,135.1666655590137,1.0
1930000,11.059902,0.4850296,4.0,1.0,1.0,1.0,0.84985703,0.018920932,0.00015530472,0.15176822,0.0025932344,793.5454545454545,96.69999888810244,96.69999888810244,1.0
1940000,11.120823,0.4987709,2.0,2.0,3.0,2.5,0.85264236,0.023356153,0.00015453117,0.15151037,0.0025803675,739.4166666666666,97.06666613618533,97.06666613618533,1.0
1950000,11.17591,0.48826966,3.0,3.5,2.5,3.0,0.8049234,0.021316309,0.00015376214,0.15125403,0.0025675755,753.2727272727273,100.45499926805496,100.45499926805496,1.0
1960000,11.085706,0.48002157,1.5,2.5,3.5,4.0,None,None,None,None,None,1159.7,129.8272713097659,129.8272713097659,1.0
1970000,11.128167,0.49546432,2.0,3.0,3.5,3.0,0.8064428,0.02213373,0.00015299037,0.15099676,0.0025547387,1218.0,149.23636269027537,149.23636269027537,1.0
1980000,11.130603,0.48398063,4.0,6.5,6.0,5.5,0.8049483,0.02622602,0.00015221995,0.15073997,0.0025419232,932.2727272727273,116.2136355638504,116.2136355638504,1.0
1990000,11.164028,0.49061388,2.0,1.0,1.0,2.0,0.77895063,0.0266648,0.00015144814,0.15048268,0.0025290863,723.4545454545455,97.17272641442038,97.17272641442038,1.0
2000000,11.180479,0.50470537,2.5,4.0,2.5,4.0,0.7585897,0.018421788,0.00015067581,0.15022524,0.0025162396,563.3636363636364,76.0727267590436,76.0727267590436,1.0
2010000,11.166312,0.4817403,1.0,2.0,1.0,2.0,0.8603908,0.021414278,0.00014990565,0.14996855,0.0025034298,949.0,127.27727139537984,127.27727139537984,1.0
2020000,11.119081,0.48832923,4.0,1.5,2.5,2.0,0.8994883,0.027272904,0.00014913359,0.14971116,0.0024905875,853.3,97.43181749365546,97.43181749365546,1.0
2030000,11.1499605,0.47088692,2.0,3.5,3.0,1.5,0.7850416,0.018928908,0.00014836341,0.14945444,0.0024777772,896.9090909090909,112.99090827595104,112.99090827595104,1.0
2040000,11.185824,0.48496106,3.0,2.0,3.0,4.5,0.8681543,0.02815187,0.00014759116,0.14919704,0.0024649317,1328.4166666666667,161.0333315183719,161.0333315183719,1.0
2050000,11.125714,0.48122326,2.0,1.5,2.0,2.5,0.8584765,0.02578472,0.00014681446,0.14893813,0.0024520128,677.75,85.56249903142452,85.56249903142452,1.0
2060000,11.157724,0.47179726,2.0,2.5,2.5,2.0,0.8509585,0.01743509,0.00014604295,0.14868097,0.0024391792,1056.0,130.97727154059842,130.97727154059842,1.0
2070000,11.204015,0.46293804,2.5,4.0,2.5,5.0,0.9983771,0.02455783,0.0001452725,0.14842415,0.0024263647,810.8181818181819,104.02727206186815,104.02727206186815,1.0
2080000,11.352368,0.46912125,4.0,3.0,2.0,2.5,0.9018738,0.018828917,0.00014450183,0.14816722,0.0024135462,583.4166666666666,80.37916615605354,80.37916615605354,1.0
2090000,11.321153,0.4685513,1.0,1.0,2.0,1.0,0.9797281,0.021081084,0.0001437318,0.14791058,0.002400738,1057.4615384615386,136.58461451530457,136.58461451530457,1.0
2100000,11.340152,0.4662893,1.5,1.5,2.0,2.0,0.89939827,0.02140645,0.00014296317,0.14765437,0.0023879535,798.3636363636364,100.77272641523318,100.77272641523318,1.0
2110000,11.385929,0.47203413,1.5,4.0,2.5,4.5,0.73481166,0.022638803,0.00014219512,0.14739838,0.0023751778,728.6363636363636,94.61363539912485,94.61363539912485,1.0
2120000,11.421309,0.48354742,0.5,1.0,0.5,1.0,0.91556615,0.020193541,0.00014141816,0.14713937,0.0023622543,992.9090909090909,128.59999951178378,128.59999951178378,1.0
2130000,11.428943,0.47422716,3.0,2.5,4.0,4.0,0.9708908,0.026910907,0.00014064969,0.1468832,0.0023494721,922.1666666666666,116.25416556745768,116.25416556745768,1.0
2140000,11.465306,0.4610359,3.5,3.0,5.0,3.5,0.89103323,0.025517175,0.00013987419,0.14662471,0.0023365722,872.1818181818181,111.68181711977178,111.68181711977178,1.0
2150000,11.520883,0.47242543,2.5,3.0,2.5,2.5,1.0180295,0.023979226,0.00013910087,0.14636692,0.0023237094,762.8181818181819,101.23181731592526,101.23181731592526,1.0
2160000,11.551164,0.44787025,2.0,2.5,2.0,2.5,0.8935197,0.02067004,0.0001383303,0.14611007,0.0023108933,796.1818181818181,99.43636283007535,99.43636283007535,1.0
2170000,11.463441,0.46776167,2.0,3.0,4.0,3.0,0.75052243,0.021839203,0.0001375599,0.14585327,0.0022980787,814.0,101.48749891854823,101.48749891854823,1.0
2180000,11.445066,0.45479816,1.5,2.0,4.0,1.5,0.8855829,0.027480107,0.00013678947,0.14559647,0.002285264,888.9090909090909,106.39999908208847,106.39999908208847,1.0
2190000,11.400166,0.47014344,5.5,3.0,6.5,6.0,0.9146739,0.017967692,0.00013601872,0.14533953,0.0022724431,1014.0909090909091,128.454544338313,128.454544338313,1.0
2200000,11.466204,0.45611116,0.5,1.5,1.5,1.0,0.8099102,0.02809531,0.00013524869,0.14508289,0.0022596351,588.0,82.83749974767368,82.83749974767368,1.0
2210000,11.438417,0.45682144,3.0,3.0,4.0,5.5,0.82134247,0.022601955,0.00013447933,0.14482643,0.0022468388,1650.8,202.4049987256527,202.4049987256527,1.0
2220000,11.482014,0.45739818,1.5,1.0,2.0,2.0,0.865727,0.026674926,0.00013371107,0.14457032,0.0022340594,838.25,111.28749880691369,111.28749880691369,1.0
2230000,11.532049,0.47293818,2.0,1.0,5.0,0.5,0.8352531,0.024162238,0.00013294161,0.14431384,0.002221261,668.1818181818181,87.76363602551547,87.76363602551547,1.0
2240000,11.50298,0.4454416,5.0,5.5,3.5,5.5,0.7861239,0.028603427,0.00013217234,0.14405742,0.002208465,918.2727272727273,114.42272632772273,114.42272632772273,1.0
2250000,11.486746,0.4543196,1.0,2.0,1.0,0.0,0.8227456,0.023641847,0.00013140387,0.14380126,0.0021956835,856.3333333333334,107.59999919186036,107.59999919186036,1.0
2260000,11.515739,0.45893863,1.5,2.0,3.0,4.5,0.7146424,0.030197898,0.00013063426,0.14354472,0.0021828818,1009.7272727272727,125.66363543813878,125.66363543813878,1.0
2270000,11.459163,0.45879072,4.0,7.0,4.0,3.0,0.7646944,0.022803038,0.00012986385,0.14328794,0.0021700677,703.0,93.63333220283191,93.63333220283191,1.0
2280000,11.479927,0.46140242,1.5,2.0,4.0,3.5,0.8695933,0.022134751,0.00012909345,0.14303112,0.0021572532,719.4545454545455,94.31363562020388,94.31363562020388,1.0
2290000,11.476089,0.46306533,0.5,1.5,2.5,1.0,0.80179805,0.023874555,0.00012832398,0.14277463,0.0021444552,1046.2727272727273,131.65454458750108,131.65454458750108,1.0
2300000,11.562724,0.46030664,4.0,2.5,2.5,3.0,0.94359547,0.025432384,0.00012755541,0.14251846,0.0021316705,918.75,118.7624992703398,118.7624992703398,1.0
2310000,11.574894,0.4550615,1.0,0.5,1.5,1.0,0.84491324,0.025631005,0.00012678419,0.14226136,0.002118842,964.5454545454545,123.1136353649199,123.1136353649199,1.0
2320000,11.543033,0.45803413,4.5,3.5,3.0,3.5,0.80555505,0.027028006,0.00012601397,0.14200464,0.0021060307,920.9090909090909,114.70909000526775,114.70909000526775,1.0
2330000,11.4902315,0.46992004,2.0,5.0,3.0,3.0,None,None,None,None,None,827.6666666666666,104.94999919086695,104.94999919086695,1.0
2340000,11.555189,0.45788252,2.5,2.5,2.0,4.5,0.83093125,0.02431659,0.00012524423,0.14174803,0.0020932283,856.0,109.06818116354671,109.06818116354671,1.0
2350000,11.585541,0.4688747,1.5,2.0,0.5,1.0,0.9924794,0.022006385,0.00012447257,0.14149085,0.002080392,660.8461538461538,88.09999962494923,88.09999962494923,1.0
2360000,11.573747,0.46075913,3.0,5.0,4.5,5.0,1.0450653,0.029958485,0.00012370318,0.14123437,0.0020675953,594.5454545454545,80.64999922297217,80.64999922297217,1.0
2370000,11.53103,0.4760691,0.5,1.5,1.0,1.0,0.8391691,0.02701201,0.00012293101,0.14097697,0.0020547512,941.5833333333334,125.22272625700994,125.22272625700994,1.0
2380000,11.519084,0.47092363,3.0,2.5,1.5,3.0,0.92813027,0.018704643,0.0001221593,0.14071973,0.002041915,865.2727272727273,110.06249912083149,110.06249912083149,1.0
2390000,11.509685,0.461088,1.5,3.0,3.5,4.5,0.91045564,0.028867606,0.00012138793,0.1404626,0.0020290848,1128.4615384615386,142.33846004192645,142.33846004192645,1.0
2400000,11.567568,0.462886,3.5,3.5,1.5,2.5,0.9528344,0.025440862,0.000120618424,0.14020613,0.002016285,1032.6,130.21999876499177,130.21999876499177,1.0
2410000,11.604726,0.46568245,1.0,3.0,1.0,5.0,0.92865455,0.02899963,0.0001198488,0.13994959,0.0020034837,592.3846153846154,82.98749932150047,82.98749932150047,1.0
2420000,11.665089,0.4685669,4.0,3.5,2.0,2.5,1.0141584,0.02281244,0.000119078235,0.13969274,0.0019906673,738.3333333333334,94.99230746122507,94.99230746122507,1.0
2430000,11.593046,0.45833385,2.0,5.0,5.0,1.5,0.9557306,0.0277007,0.00011830618,0.13943537,0.0019778248,700.3636363636364,93.85909015482122,93.85909015482122,1.0
2440000,11.65915,0.4673295,5.0,2.5,3.0,3.0,0.901564,0.020562936,0.00011753567,0.13917854,0.0019650084,1250.0,154.85416515668234,154.85416515668234,1.0
2450000,11.648191,0.45803526,1.0,1.5,1.5,0.5,0.98089045,0.02018833,0.00011676008,0.13892,0.0019521078,580.7272727272727,83.04090866988355,83.04090866988355,1.0
2460000,11.646501,0.4588922,3.5,2.0,3.0,4.5,0.89173925,0.025957037,0.00011598991,0.13866328,0.0019392972,1322.0833333333333,161.81666515767574,161.81666515767574,1.0
2470000,11.6022,0.44658324,3.5,2.5,3.5,2.5,0.8396919,0.020424139,0.000115217794,0.13840587,0.0019264546,852.6363636363636,106.9227264252576,106.9227264252576,1.0
2480000,11.606555,0.45082542,1.0,3.0,2.5,3.0,0.85261,0.018060409,0.00011444551,0.13814847,0.0019136084,520.4166666666666,72.02499973773956,72.02499973773956,1.0
2490000,11.572425,0.4509303,5.0,6.0,4.0,6.0,0.7942323,0.024241686,0.00011367692,0.13789228,0.0019008246,820.1818181818181,106.87727170640773,106.87727170640773,1.0
2500000,11.542418,0.45599985,7.0,2.0,3.5,5.5,0.93637824,0.022088347,0.00011290776,0.13763592,0.0018880316,1406.6363636363637,174.58181704174388,174.58181704174388,1.0
2510000,11.509704,0.45242208,4.0,5.0,2.5,2.0,0.8365225,0.023373332,0.00011213639,0.13737877,0.0018752005,570.3333333333334,76.27499967316787,76.27499967316787,1.0
2520000,11.48091,0.44595802,1.5,2.5,3.0,3.5,0.8935896,0.020421833,0.00011136554,0.13712184,0.0018623794,802.7272727272727,99.39999948848377,99.39999948848377,1.0
2530000,11.554201,0.4478189,4.0,1.5,3.5,2.0,0.8215932,0.02162049,0.00011058865,0.13686283,0.0018494563,856.9090909090909,113.69545384157787,113.69545384157787,1.0
2540000,11.615046,0.44777596,3.0,2.5,3.0,2.5,0.90929705,0.02001661,0.00010981614,0.13660534,0.0018366067,830.4166666666666,114.50454438139091,114.50454438139091,1.0
2550000,11.579931,0.44537586,3.0,4.0,2.5,4.0,0.7817539,0.025407868,0.000109040455,0.1363468,0.001823705,723.5454545454545,93.14166571696599,93.14166571696599,1.0
2560000,11.556157,0.44316122,3.0,1.5,5.0,1.5,0.9268528,0.022857077,0.00010827129,0.13609037,0.001810911,970.0769230769231,123.48846059579115,123.48846059579115,1.0
2570000,11.591888,0.44701222,3.0,5.0,4.0,2.0,0.8852926,0.02386581,0.000107502536,0.13583417,0.0017981238,849.9166666666666,111.38749931845814,111.38749931845814,1.0
2580000,11.5962305,0.44307715,3.0,5.5,3.0,3.0,0.9548302,0.025352033,0.000106734275,0.13557808,0.0017853456,873.2307692307693,117.17692189033215,117.17692189033215,1.0
2590000,11.571221,0.45459393,3.5,4.0,3.5,2.0,0.90212333,0.019851437,0.000105965235,0.13532169,0.0017725538,696.4166666666666,93.0874992646277,93.0874992646277,1.0
2600000,11.598048,0.44309402,3.0,3.0,2.5,3.0,0.96800923,0.029481178,0.000105196516,0.13506548,0.0017597671,752.1818181818181,104.42727234688672,104.42727234688672,1.0
2610000,11.620384,0.4499542,2.0,4.0,3.0,4.5,0.9284374,0.02980243,0.00010442579,0.13480857,0.0017469481,1057.1818181818182,137.60454444451764,137.60454444451764,1.0
2620000,11.573236,0.4384084,3.5,1.0,2.5,1.5,0.8534854,0.023999257,0.00010365497,0.1345516,0.0017341261,1003.0,128.05833186705908,128.05833186705908,1.0
2630000,11.560353,0.44922778,1.5,2.0,2.0,2.0,0.84124887,0.019105315,0.00010288626,0.13429542,0.0017213405,743.0833333333334,94.53749970098336,94.53749970098336,1.0
2640000,11.604306,0.44424906,1.0,1.0,0.5,1.5,1.1198864,0.021826051,0.000102113765,0.13403791,0.0017084914,840.6923076923077,99.81666631686191,99.81666631686191,1.0
2650000,11.640153,0.44603753,7.0,4.0,5.0,3.0,1.0344337,0.021351533,0.00010134482,0.1337816,0.0016957005,1012.1818181818181,141.71249894301096,141.71249894301096,1.0
2660000,11.590148,0.45588806,1.5,5.5,1.0,4.5,0.9322502,0.026779288,0.00010057391,0.13352461,0.0016828775,846.25,107.19166573074956,107.19166573074956,1.0
2670000,11.575177,0.45050138,2.0,1.0,1.0,1.0,0.8337095,0.026414841,9.9801735e-05,0.13326721,0.001670034,874.5833333333334,115.47916579743226,115.47916579743226,1.0
2680000,11.645717,0.45266083,3.0,2.5,4.0,2.5,1.0123631,0.022581015,9.903303e-05,0.13301095,0.0016572477,759.9166666666666,97.72083281477292,97.72083281477292,1.0
2690000,11.626265,0.44793147,2.5,3.5,3.0,2.5,0.9023573,0.02276356,9.826416e-05,0.13275473,0.0016444593,860.8181818181819,116.2136358131062,116.2136358131062,1.0
2700000,11.593198,0.44845977,2.5,2.5,2.5,1.0,None,None,None,None,None,954.8181818181819,120.26818065751682,120.26818065751682,1.0
2710000,11.57463,0.45223078,2.0,3.5,2.0,2.0,1.0315467,0.021971365,9.749573e-05,0.13249853,0.0016316775,720.1666666666666,92.91249946753184,92.91249946753184,1.0
2720000,11.527508,0.4487753,3.0,1.0,2.5,2.0,0.9044778,0.02539875,9.672577e-05,0.13224192,0.0016188704,825.0833333333334,107.14999963343143,107.14999963343143,1.0
2730000,11.544428,0.44068977,1.0,1.0,1.0,3.0,0.973485,0.02330588,9.595349e-05,0.13198447,0.001606025,773.2727272727273,101.22272623669018,101.22272623669018,1.0
2740000,11.52692,0.4405111,2.0,3.0,4.0,5.0,0.9821125,0.025558202,9.518542e-05,0.13172844,0.00159325,873.3636363636364,114.44545340538025,114.44545340538025,1.0
2750000,11.588936,0.44036707,3.0,3.5,3.0,4.5,0.8240808,0.019860428,9.441098e-05,0.13147028,0.001580368,1063.6153846153845,133.16153724090412,133.16153724090412,1.0
2760000,11.584978,0.43282706,1.5,3.5,1.5,0.5,1.0285925,0.017174508,9.3638635e-05,0.13121288,0.0015675208,621.75,86.8249991685152,86.8249991685152,1.0
2770000,11.522193,0.4505937,2.5,3.0,2.5,1.5,1.023566,0.02236434,9.286652e-05,0.13095547,0.0015546783,771.1818181818181,99.19999954917215,99.19999954917215,1.0
2780000,11.638384,0.42014173,3.0,3.0,1.5,4.0,0.84224,0.025476923,9.209514e-05,0.13069837,0.0015418478,947.25,125.74090854247862,125.74090854247862,1.0
2790000,11.646243,0.4295377,3.5,2.0,3.5,3.0,0.8313747,0.025301,9.132496e-05,0.13044164,0.0015290371,920.3333333333334,116.74999895004126,116.74999895004126,1.0
2800000,11.61432,0.43467265,3.5,2.5,4.0,2.5,0.8631698,0.028711919,9.054787e-05,0.13018258,0.0015161115,838.2727272727273,112.28636307066137,112.28636307066137,1.0
2810000,11.729782,0.43448475,1.0,2.0,3.0,2.0,0.88339406,0.021547057,8.9776266e-05,0.12992541,0.0015032773,843.25,113.64999943971634,113.64999943971634,1.0
2820000,11.715554,0.4338535,3.0,6.0,4.0,3.5,0.8326966,0.023774356,8.9006484e-05,0.12966879,0.0014904733,758.5833333333334,100.12916632493337,100.12916632493337,1.0
2830000,11.787882,0.4330257,3.5,3.0,4.0,3.0,0.94206995,0.01925083,8.823692e-05,0.12941225,0.0014776726,1014.3333333333334,127.89166570796321,127.89166570796321,1.0
2840000,11.771649,0.43620893,1.5,1.5,2.5,3.0,0.9597169,0.017734239,8.746788e-05,0.12915592,0.0014648808,1011.1666666666666,133.84166580438614,133.84166580438614,1.0
2850000,11.876478,0.43566573,3.0,2.5,1.0,3.0,0.9582662,0.026793556,8.669917e-05,0.12889966,0.0014520951,794.3571428571429,104.99999919107982,104.99999919107982,1.0
2860000,11.776089,0.42949736,2.0,1.0,2.5,3.0,1.0153178,0.03302136,8.592735e-05,0.1286424,0.0014392573,690.0,91.5272725387053,91.5272725387053,1.0
2870000,11.838861,0.43085316,2.0,2.5,2.0,2.5,0.9298052,0.020920968,8.515568e-05,0.12838523,0.0014264213,778.7272727272727,105.85454466126181,105.85454466126181,1.0
2880000,11.825147,0.43758452,2.0,2.5,1.5,1.5,0.9597723,0.020618847,8.438506e-05,0.12812832,0.0014136031,850.2727272727273,109.81818079948425,109.81818079948425,1.0
2890000,11.846387,0.4324827,2.0,5.0,1.0,2.0,1.0331537,0.02002623,8.3614206e-05,0.12787135,0.0014007812,1094.0833333333333,142.02916605770588,142.02916605770588,1.0
2900000,11.805592,0.43777826,3.0,2.5,3.0,4.0,0.8691832,0.0199938,8.28456e-05,0.12761518,0.0013879974,792.0833333333334,101.99583273815612,101.99583273815612,1.0
2910000,11.779922,0.429625,1.5,3.0,5.0,2.5,0.9119705,0.019667856,8.207394e-05,0.12735794,0.0013751613,854.5833333333334,96.89545399492437,96.89545399492437,1.0
2920000,11.882507,0.42310295,3.0,1.5,3.0,3.0,1.055221,0.028997777,8.130172e-05,0.12710054,0.0013623171,806.5384615384615,127.59999905313764,127.59999905313764,1.0
2930000,11.824547,0.43138778,3.0,4.5,4.0,4.5,0.9358005,0.021380296,8.053057e-05,0.12684348,0.0013494905,852.4545454545455,113.7727261023088,113.7727261023088,1.0
2940000,11.880285,0.43038073,5.0,4.0,6.0,3.5,0.85841364,0.021384388,7.975823e-05,0.12658603,0.001336644,691.0,94.71666592359543,94.71666592359543,1.0
2950000,11.926072,0.43114072,2.0,3.0,2.0,2.5,0.95261264,0.024483336,7.898633e-05,0.12632874,0.0013238045,971.75,131.63749900460243,131.63749900460243,1.0
2960000,11.970106,0.42395025,3.0,6.0,3.5,4.0,0.9620536,0.023722835,7.821566e-05,0.12607187,0.0013109853,748.6153846153846,99.9423069036924,99.9423069036924,1.0
2970000,11.92482,0.43222433,2.0,1.0,2.0,1.0,0.817795,0.022006558,7.7445904e-05,0.1258153,0.001298182,729.1818181818181,102.486363009973,102.486363009973,1.0
2980000,11.945291,0.42822692,2.0,1.0,5.0,3.5,0.865381,0.023836385,7.6674994e-05,0.12555832,0.001285359,1123.5454545454545,148.50454454361036,148.50454454361036,1.0
2990000,11.9947815,0.42969713,3.0,2.0,3.5,3.0,0.89686924,0.020188268,7.5902855e-05,0.12530091,0.0012725159,808.75,104.74583264688651,104.74583264688651,1.0
3000000,12.000632,0.41694131,3.0,1.5,3.0,2.0,0.8199259,0.024432981,7.513027e-05,0.12504339,0.0012596656,846.3333333333334,110.94999894499779,110.94999894499779,1.0
3010000,12.005341,0.41402224,2.5,3.5,3.5,4.0,0.8153527,0.018027404,7.435912e-05,0.124786355,0.0012468387,661.0,90.7318173755299,90.7318173755299,1.0
3020000,11.920083,0.4299778,2.5,2.0,3.0,2.5,0.94181764,0.022882875,7.358978e-05,0.12452988,0.001234042,1040.7272727272727,131.46818110888654,131.46818110888654,1.0
3030000,11.845231,0.42410272,1.0,2.0,3.0,2.0,0.905796,0.027493538,7.282142e-05,0.12427378,0.0012212615,907.3636363636364,114.90908993374218,114.90908993374218,1.0
3040000,11.8325615,0.42330924,3.5,3.0,2.0,2.5,0.94835025,0.022329627,7.204966e-05,0.12401652,0.0012084245,626.5833333333334,94.64545384320346,94.64545384320346,1.0
3050000,11.882456,0.41622484,1.0,2.0,4.0,5.0,0.9684952,0.028287373,7.127821e-05,0.12375936,0.0011955929,698.0909090909091,87.12083267172177,87.12083267172177,1.0
3060000,11.864206,0.42642355,4.0,5.0,5.5,4.0,0.8617961,0.020013206,7.050819e-05,0.12350271,0.0011827846,774.5833333333334,105.75833273927371,105.75833273927371,1.0
3070000,11.847328,0.43079892,3.5,2.5,2.0,2.5,None,None,None,None,None,302.75,47.42499983900537,47.42499983900537,1.0
3080000,11.843386,0.42228478,1.5,2.0,1.5,1.5,0.89028627,0.025684595,6.97356e-05,0.123245195,0.0011699343,1213.6666666666667,148.72916532059511,148.72916532059511,1.0
3090000,11.959729,0.42277107,5.5,6.0,4.0,2.0,0.8870336,0.024861664,6.895921e-05,0.12298636,0.0011570199,1288.5384615384614,163.51153746018042,163.51153746018042,1.0
3100000,11.963668,0.4150564,3.0,4.5,3.0,5.0,1.0002447,0.021618566,6.818912e-05,0.1227297,0.001144211,567.1666666666666,79.82499923805396,79.82499923805396,1.0
3110000,11.971037,0.41606492,5.0,3.5,3.5,3.0,0.88672554,0.021459065,6.741638e-05,0.12247209,0.0011313579,865.4615384615385,114.54230702639772,114.54230702639772,1.0
3120000,11.960686,0.41680822,0.0,3.5,3.5,1.5,0.8924476,0.02217571,6.664636e-05,0.12221544,0.0011185497,922.8181818181819,124.89999865401875,124.89999865401875,1.0
3130000,12.000434,0.41612774,1.0,2.0,2.0,4.0,0.98119205,0.022051655,6.5874396e-05,0.12195809,0.0011057092,707.25,95.1666664108634,95.1666664108634,1.0
3140000,12.025983,0.41258094,3.0,2.0,3.0,4.0,0.9340809,0.023098199,6.510325e-05,0.12170104,0.0010928824,662.6666666666666,92.89166601002216,92.89166601002216,1.0
3150000,12.067274,0.40868616,2.5,2.5,2.5,1.5,0.94994444,0.023146873,6.433458e-05,0.12144485,0.0010800969,1025.3076923076924,135.96922968442624,135.96922968442624,1.0
3160000,12.069055,0.4088041,4.0,4.0,3.0,4.0,0.8583468,0.024413234,6.356129e-05,0.12118705,0.0010672348,920.6666666666666,128.9374988824129,128.9374988824129,1.0
3170000,12.003989,0.4127886,1.5,3.5,3.5,3.0,0.85610884,0.022144731,6.2791645e-05,0.12093051,0.0010544328,925.5,121.98749897877376,121.98749897877376,1.0
3180000,12.056347,0.41134462,2.5,2.0,4.0,2.5,0.9103433,0.025361719,6.202351e-05,0.12067445,0.0010416561,999.0833333333334,131.42083203792572,131.42083203792572,1.0
3190000,12.038113,0.40747818,2.0,1.0,2.0,2.5,0.8089231,0.028097041,6.125114e-05,0.12041704,0.0010288095,840.5454545454545,110.74545334685932,110.74545334685932,1.0
3200000,11.960144,0.40764838,4.0,2.5,3.0,5.5,0.88135433,0.022413632,6.04821e-05,0.12016066,0.0010160175,808.25,105.2999993165334,105.2999993165334,1.0
3210000,12.04171,0.4026703,2.0,3.0,4.0,4.0,0.84332085,0.02257216,5.9710073e-05,0.119903326,0.0010031759,816.0,109.92272606762972,109.92272606762972,1.0
3220000,12.027533,0.40196145,4.5,5.0,5.0,3.0,0.9153709,0.025951128,5.8939215e-05,0.11964636,0.000990354,902.9230769230769,123.16538368738614,123.16538368738614,1.0
3230000,12.0227585,0.408778,4.5,3.5,4.5,5.0,0.9367413,0.023766475,5.816746e-05,0.11938911,0.0009775175,625.4166666666666,90.97916613022487,90.97916613022487,1.0
3240000,12.03954,0.41225436,2.5,2.5,3.5,1.5,0.9793112,0.021734457,5.739496e-05,0.11913161,0.00096466794,797.8333333333334,107.72083260615666,107.72083260615666,1.0
3250000,12.053601,0.40321726,3.5,4.0,2.5,3.0,0.86738497,0.022835003,5.6626504e-05,0.11887548,0.0009518861,722.8333333333334,103.90416592359543,103.90416592359543,1.0
3260000,12.016491,0.41984236,1.5,3.5,3.0,4.0,0.8750562,0.022593236,5.5854223e-05,0.11861804,0.00093904074,911.25,120.92499866088231,120.92499866088231,1.0
3270000,12.095727,0.41368335,4.0,2.5,5.0,3.5,0.82387346,0.026472982,5.508563e-05,0.11836187,0.00092625624,960.3846153846154,132.776921914174,132.776921914174,1.0
3280000,12.068138,0.42106926,2.5,2.5,1.0,3.0,0.9043743,0.02092967,5.431644e-05,0.11810544,0.0009134618,920.0833333333334,121.0583324233691,121.0583324233691,1.0
3290000,12.002265,0.40749797,5.0,1.0,5.0,3.0,0.8999461,0.025552724,5.3546708e-05,0.11784887,0.00090065895,592.8181818181819,75.68181756071068,75.68181756071068,1.0
3300000,12.001607,0.41066965,2.5,3.5,2.5,4.0,0.7903378,0.019735837,5.2775853e-05,0.11759191,0.000887837,895.25,117.18333238363266,117.18333238363266,1.0
3310000,11.944621,0.4107705,1.0,2.5,2.0,3.0,0.74513346,0.029079566,5.2005907e-05,0.11733529,0.00087503024,794.0,107.61363569172946,107.61363569172946,1.0
3320000,11.89258,0.41491395,3.0,1.5,3.5,5.0,0.8211889,0.025929121,5.1237752e-05,0.117079236,0.0008622533,891.8333333333334,116.55416563153267,116.55416563153267,1.0
3330000,11.9486065,0.41428006,4.0,2.0,2.5,2.5,0.9415603,0.018241864,5.046803e-05,0.11682267,0.0008494501,983.2307692307693,123.74615306120653,123.74615306120653,1.0
3340000,11.967394,0.42501852,3.5,2.5,2.0,2.0,1.1078076,0.025872624,4.9697563e-05,0.1165658,0.0008366347,459.53846153846155,69.07307618397932,69.07307618397932,1.0
3350000,11.9072895,0.41071174,2.0,2.5,3.0,1.0,0.77017236,0.02048466,4.8925824e-05,0.1163086,0.0008237979,761.0,104.28749921917915,104.28749921917915,1.0
3360000,11.899942,0.40655047,3.5,2.0,1.0,3.0,0.971803,0.017857967,4.8155332e-05,0.11605174,0.0008109824,1231.8181818181818,157.57727113637057,157.57727113637057,1.0
3370000,11.987874,0.4152786,3.0,0.0,2.0,0.0,0.9481412,0.02127351,4.738268e-05,0.1157942,0.0007981305,684.5,94.6208324432373,94.6208324432373,1.0
3380000,11.971568,0.41596496,5.0,1.5,5.0,2.5,0.77029353,0.031752836,4.6613488e-05,0.115537815,0.0007853361,755.0,99.90416570007801,99.90416570007801,1.0
3390000,11.969196,0.4280877,1.5,2.5,1.0,1.5,0.9621324,0.025715461,4.5840672e-05,0.11528019,0.0007724819,1185.2307692307693,155.62692238132541,155.62692238132541,1.0
3400000,11.970701,0.41639286,2.0,3.5,2.5,2.0,0.97922146,0.020781575,4.5072313e-05,0.11502408,0.0007597016,871.7272727272727,119.23181742971593,119.23181742971593,1.0
3410000,11.955187,0.4121543,2.5,2.5,1.5,2.5,0.8965338,0.027244002,4.430312e-05,0.1147677,0.00074690714,683.0,100.56666593750317,100.56666593750317,1.0
3420000,12.071849,0.4096671,3.5,6.5,5.0,4.5,0.89971584,0.023481308,4.3531287e-05,0.11451038,0.0007340688,913.8333333333334,121.94583230217297,121.94583230217297,1.0
3430000,11.972272,0.42329186,3.0,3.5,4.0,2.0,0.9095555,0.022687234,4.2760374e-05,0.11425344,0.00072124595,709.9166666666666,96.48749946554501,96.48749946554501,1.0
3440000,12.0118065,0.41454312,2.0,2.0,2.0,5.5,None,None,None,None,None,945.4545454545455,125.78636266528206,125.78636266528206,1.0
3450000,11.961117,0.4101779,3.0,2.0,4.0,2.0,0.8339615,0.019811058,4.198914e-05,0.113996334,0.0007084179,946.9,126.68999922871589,126.68999922871589,1.0
3460000,12.02808,0.40369204,3.5,2.5,3.0,2.5,0.7755271,0.022368532,4.1215666e-05,0.11373853,0.00069555244,717.7692307692307,95.29230678081512,95.29230678081512,1.0
3470000,11.933093,0.42144278,0.5,0.5,0.5,1.0,0.91799474,0.023095705,4.0443014e-05,0.11348099,0.00068270054,546.9090909090909,78.3136356527155,78.3136356527155,1.0
3480000,11.952117,0.4133922,3.5,5.5,5.5,3.0,0.8500417,0.02450926,3.9673367e-05,0.11322444,0.00066989864,1101.1666666666667,141.483332340916,141.483332340916,1.0
3490000,11.950439,0.4072881,1.5,2.0,2.0,2.5,0.96353585,0.025307387,3.8901686e-05,0.112967215,0.00065706315,966.0,124.32272667878054,124.32272667878054,1.0
3500000,11.925552,0.40596524,1.5,3.5,2.5,3.0,0.8385361,0.021418713,3.813257e-05,0.112710804,0.0006442703,892.25,119.1999992877245,119.1999992877245,1.0
3510000,11.950996,0.41029832,1.0,3.5,4.0,2.0,0.8769223,0.026751472,3.735985e-05,0.112453245,0.0006314174,685.8333333333334,98.46249920129776,98.46249920129776,1.0
3520000,11.9017105,0.40969223,3.5,0.5,3.0,1.5,0.83325714,0.022297746,3.6589816e-05,0.1121966,0.0006186092,711.5454545454545,94.29999946464191,94.29999946464191,1.0
3530000,12.010359,0.40714592,0.0,1.0,0.0,1.0,0.9497013,0.02286133,3.5821507e-05,0.11194046,0.0006058296,1091.4615384615386,140.9807682770949,140.9807682770949,1.0
3540000,11.979778,0.40007427,2.5,2.5,2.5,2.5,0.89505863,0.020831333,3.5051948e-05,0.111683935,0.0005930292,873.5,113.9318170459433,113.9318170459433,1.0
3550000,11.957467,0.4067291,1.0,1.0,3.5,1.5,0.8993368,0.028391702,3.428162e-05,0.11142716,0.000580216,595.0833333333334,86.88461469686948,86.88461469686948,1.0
3560000,11.972998,0.3990005,0.5,3.0,2.5,2.0,0.8063952,0.024170468,3.3508655e-05,0.11116954,0.0005673592,832.0769230769231,111.14999938928165,111.14999938928165,1.0
3570000,11.996543,0.40445948,0.5,3.0,2.0,4.0,0.9355835,0.02423517,3.273797e-05,0.11091261,0.0005545401,744.9166666666666,104.03749922911327,104.03749922911327,1.0
3580000,11.9830265,0.40159646,3.5,3.0,3.5,3.0,0.84813386,0.024283318,3.1969354e-05,0.11065643,0.0005417556,736.4545454545455,97.5772719681263,97.5772719681263,1.0
3590000,11.976256,0.3935205,2.0,3.5,2.0,2.0,0.8104239,0.022854514,3.1200172e-05,0.11040001,0.00052896136,675.8181818181819,94.78181766379963,94.78181766379963,1.0
3600000,12.01935,0.40011695,5.5,1.5,3.0,4.0,0.9039365,0.030006925,3.0429846e-05,0.11014324,0.00051614817,1223.3076923076924,163.5576910514098,163.5576910514098,1.0
3610000,12.013225,0.40932295,2.0,4.0,4.0,4.0,0.8188657,0.020683061,2.9659519e-05,0.10988646,0.00050333503,1173.5454545454545,153.67727186022833,153.67727186022833,1.0
3620000,12.040853,0.4012652,1.5,4.5,2.0,3.0,0.8201808,0.02363457,2.8886716e-05,0.109628886,0.00049048086,643.8333333333334,88.49166600902875,88.49166600902875,1.0
3630000,11.951693,0.40652218,3.5,2.0,2.5,3.0,0.94700366,0.022241235,2.811145e-05,0.109370455,0.00047758562,709.5,101.8208324611187,101.8208324611187,1.0
3640000,12.032739,0.39915168,4.0,3.5,2.5,2.0,0.90017414,0.025961606,2.7341572e-05,0.10911385,0.0004647799,549.9090909090909,74.77272696928544,74.77272696928544,1.0
3650000,12.0244875,0.40657493,2.5,2.0,3.5,4.0,0.72775286,0.02139443,2.65726e-05,0.10885748,0.0004519893,928.3333333333334,126.60454412482001,126.60454412482001,1.0
3660000,12.060106,0.40097,4.5,3.0,5.5,4.0,0.8793777,0.026317267,2.580085e-05,0.10860023,0.0004391525,1070.8461538461538,135.7571419102273,135.7571419102273,1.0
3670000,11.939233,0.41508722,4.0,3.5,2.0,1.5,0.7936013,0.026597224,2.5029918e-05,0.10834329,0.00042632938,1153.2727272727273,149.5090904669328,149.5090904669328,1.0
3680000,11.958592,0.40452906,3.0,3.5,2.0,3.0,0.89133644,0.018112272,2.4259673e-05,0.10808654,0.00041351758,562.8181818181819,78.32727261023088,78.32727261023088,1.0
3690000,11.993462,0.40282091,2.0,4.0,4.0,4.0,0.96050763,0.024556356,2.3487159e-05,0.10782904,0.00040066813,792.3076923076923,110.0730765232673,110.0730765232673,1.0
3700000,12.037513,0.40879366,4.0,4.0,1.5,3.0,0.9297239,0.0272431,2.2718117e-05,0.10757265,0.0003878764,824.8333333333334,114.19583223263423,114.19583223263423,1.0
3710000,12.076082,0.40853652,1.5,2.5,3.5,2.0,0.9953039,0.02526205,2.1948168e-05,0.107316025,0.00037506956,664.6153846153846,93.97692262209378,93.97692262209378,1.0
3720000,11.983832,0.40753594,4.5,4.5,2.5,1.5,0.9113962,0.02425336,2.1180085e-05,0.107059985,0.00036229385,808.1818181818181,107.17727220058441,107.17727220058441,1.0
3730000,12.035718,0.4018313,3.5,3.5,2.5,1.5,0.90387195,0.023600336,2.0410742e-05,0.10680357,0.0003494971,1207.8333333333333,152.69999895244837,152.69999895244837,1.0
3740000,12.03298,0.40681702,2.5,2.5,3.0,4.0,0.8468172,0.017111225,1.9640947e-05,0.106546946,0.00033669276,687.0,96.33749944965045,96.33749944965045,1.0
3750000,12.020359,0.40554908,4.0,4.0,2.5,4.0,0.90854466,0.026493767,1.8870169e-05,0.106290035,0.00032387217,935.6363636363636,122.8318171934648,122.8318171934648,1.0
3760000,11.9588175,0.41315722,1.5,3.0,2.5,2.0,0.89050496,0.026358034,1.8099552e-05,0.10603314,0.0003110543,694.0909090909091,93.84090846235102,93.84090846235102,1.0
3770000,11.929966,0.41110933,4.0,1.0,3.0,1.0,0.8891569,0.023856023,1.7330565e-05,0.10577682,0.00029826345,1122.6666666666667,144.82499933242798,144.82499933242798,1.0
3780000,12.018217,0.41555554,2.0,2.5,2.0,1.5,0.96026033,0.017138401,1.6556052e-05,0.10551865,0.00028538064,643.1666666666666,91.16666581233342,91.16666581233342,1.0
3790000,11.9024,0.4126925,0.5,0.5,1.0,1.5,0.9628538,0.031917594,1.578422e-05,0.10526136,0.00027254256,698.3636363636364,92.1636358499527,92.1636358499527,1.0
3800000,11.968107,0.403327,2.5,1.5,4.0,2.5,0.9398365,0.028838933,1.500543e-05,0.10500176,0.00025958862,1232.3333333333333,153.67916565636793,153.67916565636793,1.0
3810000,11.991616,0.40076235,3.5,3.5,5.5,3.0,None,None,None,None,None,1085.3636363636363,148.82272604378787,148.82272604378787,1.0
3820000,12.019146,0.40315202,1.0,3.0,1.5,2.5,0.8754359,0.028755791,1.422918e-05,0.10474302,0.00024667708,743.3636363636364,101.92272649569945,101.92272649569945,1.0
3830000,12.028118,0.4081529,3.0,2.5,1.5,1.0,0.874109,0.025007576,1.3458168e-05,0.10448602,0.00023385264,809.7272727272727,109.52727181261236,109.52727181261236,1.0
3840000,12.140759,0.4123123,5.0,4.5,4.5,1.5,1.0358855,0.02877092,1.2686713e-05,0.10422889,0.00022102069,870.4615384615385,121.34615267583958,121.34615267583958,1.0
3850000,12.121174,0.41694406,1.0,4.0,1.0,2.0,0.8894533,0.026080307,1.1914449e-05,0.10397146,0.0002081754,610.6923076923077,88.49999912427022,88.49999912427022,1.0
3860000,12.114071,0.4234863,1.5,2.5,2.5,2.5,0.9067398,0.025144156,1.1145317e-05,0.1037151,0.00019538219,686.7272727272727,100.49090844934636,100.49090844934636,1.0
3870000,11.998702,0.42282245,1.5,2.0,1.0,1.0,1.0482264,0.02560116,1.037313e-05,0.10345768,0.00018253813,987.9090909090909,120.89090823788534,120.89090823788534,1.0
3880000,11.982474,0.4093877,2.0,1.0,1.5,2.0,0.9236187,0.025396569,9.597918e-06,0.103199266,0.00016964372,933.8181818181819,121.64999914711171,121.64999914711171,1.0
3890000,11.973509,0.41206256,1.0,2.0,1.5,3.0,0.8533436,0.024046622,8.829253e-06,0.10294303,0.0001568582,963.0,129.65908978743985,129.65908978743985,1.0
3900000,11.997522,0.4048036,2.0,2.0,1.5,2.5,0.9915343,0.02024177,8.060422e-06,0.1026868,0.00014407004,880.9230769230769,114.53846065986615,114.53846065986615,1.0
3910000,11.937226,0.40881264,2.0,1.0,2.0,2.0,0.88898057,0.019843651,7.2915236e-06,0.1024305,0.00013128067,881.0,115.34166580128174,115.34166580128174,1.0
3920000,11.898162,0.41365427,2.5,2.0,2.5,1.5,0.8578476,0.023191333,6.522246e-06,0.10217405,0.00011848509,859.25,113.66666606068611,113.66666606068611,1.0
3930000,11.989954,0.41428977,5.0,7.0,5.0,7.0,1.0405251,0.022388155,5.7539564e-06,0.10191796,0.00010570581,816.1666666666666,114.1374991654108,114.1374991654108,1.0
3940000,12.039138,0.4128006,3.0,5.0,5.5,4.0,1.000297,0.023692073,4.985055e-06,0.10166166,9.2916445e-05,872.9230769230769,120.52692215259259,120.52692215259259,1.0
3950000,12.053709,0.4090231,4.5,4.5,3.0,4.0,0.86627686,0.0244187,4.2169786e-06,0.10140563,8.014076e-05,864.75,116.96249915659428,116.96249915659428,1.0
3960000,12.108697,0.41285986,6.0,3.5,5.0,4.5,1.1414592,0.027429253,3.4477755e-06,0.10114924,6.7346344e-05,776.8181818181819,109.9863628755239,109.9863628755239,1.0
3970000,12.145989,0.4110128,2.5,3.5,2.5,6.0,0.8898207,0.023281598,2.6775162e-06,0.10089249,5.4534372e-05,805.4166666666666,112.01249900460243,112.01249900460243,1.0
3980000,12.118117,0.41667476,2.5,2.5,2.0,3.0,0.8675296,0.021495959,1.904879e-06,0.1006349,4.168284e-05,748.0,99.73636322671717,99.73636322671717,1.0
3990000,12.120862,0.41154322,4.5,5.0,3.5,5.0,0.8226582,0.027330674,1.1333508e-06,0.10037777,2.8849747e-05,1041.1666666666667,135.7791649699211,135.7791649699211,1.0
4000000,12.060095,0.41865367,1.5,0.5,3.0,1.0,0.9084384,0.022725029,3.6250205e-07,0.1001208,1.6027954e-05,824.25,110.5124995013078,110.5124995013078,1.0
