Steps,Policy/Extrinsic Value Estimate,Policy/Entropy,Losses/Value Loss,Losses/Policy Loss,Policy/Learning Rate,Policy/Epsilon,Policy/Beta,Environment/Episode Length,Environment/Cumulative Reward,Policy/Extrinsic Reward,Agent1 score,Agent2 score,Agent3 score,Agent4 score,Is Training
30000,-0.18491982,3.979777,0.15371533,0.029556895,0.00029840638,0.19946876,0.004973492,999.0,-2.851666588258619,-2.851666588258619,0.0,0.0,0.0,0.0,1.0
40000,-0.179483,3.9763117,0.043245204,0.023311872,0.00029762398,0.19920795,0.0049604783,None,None,None,1.0,3.0,0.5,3.0,1.0
50000,-0.19339405,3.972163,0.037872855,0.022182783,0.00029683678,0.19894558,0.004947385,999.0,-2.0958332790760323,-2.0958332790760323,0.0,0.0,0.0,0.0,1.0
60000,-0.21207687,3.9691777,0.049709994,0.026503596,0.0002960544,0.19868478,0.0049343714,None,None,None,4.0,5.0,3.0,0.0,1.0
70000,-0.22738114,3.9635105,0.04539768,0.024247795,0.00029526727,0.1984224,0.0049212775,None,None,None,5.0,10.0,4.0,2.0,1.0
80000,-0.24900897,3.9618526,0.01886577,0.018573513,0.00029448484,0.1981616,0.0049082637,999.0,-3.6779166082075485,-3.6779166082075485,1.5,0.0,0.0,0.5,1.0
90000,-0.26088223,3.9561956,0.03847506,0.025388278,0.00029369758,0.19789921,0.0048951698,None,None,None,4.0,0.0,1.0,3.0,1.0
100000,-0.27928522,3.9496596,0.02917681,0.028014136,0.00029289126,0.1976304,0.0048817564,999.0,-3.8099999484062814,-3.8099999484062814,0.0,0.0,0.0,0.0,1.0
110000,-0.2806228,3.9427412,0.028561128,0.023036886,0.00029210877,0.1973696,0.0048687435,None,None,None,0.0,1.0,1.0,4.0,1.0
120000,-0.2769897,3.9357104,0.029973596,0.022778314,0.00029132157,0.19710723,0.0048556486,999.0,-2.38913037514557,-2.38913037514557,0.0,1.5,1.0,2.0,1.0
130000,-0.250579,3.9334052,0.04117837,0.026203308,0.0002905392,0.19684643,0.004842636,None,-0.5899999849498272,-0.5899999849498272,0.0,4.0,2.0,2.0,1.0
140000,-0.22761548,3.9310114,0.016029697,0.02418994,0.00028975203,0.19658405,0.0048295413,None,None,None,0.0,4.0,3.0,4.0,1.0
150000,-0.21730332,3.9216871,0.023118263,0.029736595,0.00028896966,0.19632323,0.004816528,999.0,-1.3333332777256146,-1.3333332777256146,0.0,0.0,0.0,0.0,1.0
160000,-0.21308209,3.921826,0.026381437,0.020095197,0.00028818246,0.19606079,0.004803434,None,None,None,1.5,1.0,0.0,1.0,1.0
170000,-0.22486289,3.915642,0.01639108,0.023504255,0.00028741203,0.19580403,0.0047906195,999.0,-2.0783332925833142,-2.0783332925833142,0.0,0.0,0.0,0.0,1.0
180000,-0.22056232,3.8979306,0.02622983,0.023361335,0.0002866128,0.1955376,0.0047773262,None,None,None,1.0,3.0,0.0,0.0,1.0
190000,-0.18700248,3.8861263,0.028685393,0.026651315,0.00028580643,0.19526878,0.004763914,None,None,None,1.0,3.0,2.0,2.0,1.0
200000,-0.17526232,3.8658855,0.02038153,0.01759796,0.00028502397,0.19500796,0.0047508986,999.0,-1.172499938479935,-1.172499938479935,1.0,0.0,1.5,0.5,1.0
210000,-0.15035716,3.8584886,None,None,None,None,None,None,None,None,2.0,0.0,5.0,2.0,1.0
220000,-0.1299993,3.8669796,0.016414927,0.025780559,0.00028423683,0.19474559,0.0047378065,999.0,-0.5293749320553616,-0.5293749320553616,0.0,0.0,0.0,0.0,1.0
230000,-0.10421768,3.8552303,0.014940179,0.028795563,0.00028345446,0.19448477,0.004724791,None,None,None,1.0,1.0,2.0,2.0,1.0
240000,-0.075162284,3.845356,0.019448297,0.021550111,0.00028266723,0.19422242,0.004711698,999.0,0.10913049935808648,0.10913049935808648,2.0,0.5,1.0,2.5,1.0
250000,-0.11652775,3.8186998,0.016698783,0.027547197,0.00028188486,0.1939616,0.0046986835,None,3.05000027269125,3.05000027269125,1.0,0.0,0.0,1.0,1.0
260000,-0.09001108,3.8336122,0.017931867,0.023806099,0.00028109766,0.19369923,0.0046855905,None,None,None,1.0,1.0,2.0,2.0,1.0
270000,-0.082803585,3.8336887,0.016942581,0.023424795,0.00028029122,0.1934304,0.0046721757,999.0,0.12125005549751222,0.12125005549751222,0.0,0.0,0.0,0.0,1.0
280000,-0.08466572,3.827463,0.01785085,0.025522169,0.00027950882,0.1931696,0.0046591624,None,None,None,0.5,0.5,1.5,2.0,1.0
290000,-0.07852153,3.8150134,0.014752613,0.026115801,0.00027872162,0.19290724,0.004646069,999.0,-0.8885416122308621,-0.8885416122308621,0.0,0.0,0.0,0.0,1.0
300000,-0.050903022,3.8079996,0.031680744,0.02274286,0.00027793922,0.19264644,0.004633055,None,None,None,2.0,1.0,2.0,1.0,1.0
310000,-0.041430052,3.816285,0.017816165,0.029080668,0.000277152,0.19238396,0.0046199616,None,None,None,3.0,3.0,3.0,2.0,1.0
320000,-0.07708461,3.789831,0.009405645,0.02300639,0.00027636962,0.19212325,0.0046069473,999.0,0.18479174515232444,0.18479174515232444,2.0,0.0,0.0,1.0,1.0
330000,-0.08068191,3.783872,0.013232171,0.017052572,0.00027558242,0.19186077,0.004593854,None,None,None,4.0,0.0,0.0,4.0,1.0
340000,-0.07181349,3.7686727,0.014418002,0.02762552,0.000274812,0.19160403,0.0045810393,999.0,-1.0518749454058707,-1.0518749454058707,0.0,0.0,0.0,0.0,1.0
350000,-0.04636658,3.7883887,0.019533323,0.024787167,0.00027401283,0.1913376,0.004567745,None,None,None,1.0,2.0,1.0,2.0,1.0
360000,-0.023990368,3.8037593,0.019292818,0.020433653,0.0002732064,0.19106878,0.0045543327,999.0,0.7328261679605298,0.7328261679605298,0.5,1.5,1.0,2.5,1.0
370000,-0.03620947,3.7805226,0.013020936,0.032356594,0.00027242402,0.19080797,0.00454132,None,1.6900000218302011,1.6900000218302011,1.0,3.0,3.0,0.0,1.0
380000,-0.029413074,3.8069215,0.019318692,0.02788178,0.00027163685,0.19054559,0.0045282254,None,None,None,2.0,6.0,10.0,1.0,1.0
390000,0.0062795235,3.7904277,0.02482398,0.02380275,0.0002708544,0.19028479,0.004515211,999.0,0.4695834517478943,0.4695834517478943,0.0,0.0,0.0,0.0,1.0
400000,0.05227238,3.803486,0.01995895,0.023282569,0.0002700672,0.19002242,0.0045021176,None,None,None,1.5,3.0,1.5,2.5,1.0
410000,0.05610804,3.7758057,0.01610673,0.022258645,0.00026928485,0.18976161,0.004489104,999.0,1.0341667487518862,1.0341667487518862,1.0,0.0,0.0,0.0,1.0
420000,0.049417693,3.7818077,None,None,None,None,None,None,None,None,4.0,1.0,2.0,1.0,1.0
430000,0.063376,3.7788677,0.015154458,0.021247633,0.0002684976,0.18949923,0.00447601,None,None,None,4.0,1.0,4.0,1.0,1.0
440000,0.05162187,3.7616968,0.012721715,0.031072248,0.00026769115,0.18923041,0.0044625974,999.0,0.6058333981006095,0.6058333981006095,2.0,0.5,0.5,2.0,1.0
450000,0.07776981,3.7542872,0.022974633,0.030757891,0.00026690878,0.18896961,0.0044495827,None,None,None,3.0,4.0,2.0,5.0,1.0
460000,0.08952563,3.7302358,0.023318555,0.017892983,0.00026612164,0.18870722,0.00443649,999.0,1.6089584376119699,1.6089584376119699,0.0,0.0,1.0,0.0,1.0
470000,0.123552606,3.7613165,0.037516113,0.022207476,0.00026533927,0.18844643,0.0044234754,None,None,None,2.0,3.0,2.0,5.0,1.0
480000,0.14237651,3.7539523,0.030321276,0.029712198,0.000264552,0.18818395,0.004410381,999.0,2.8056522705794675,2.8056522705794675,2.5,2.0,1.0,3.0,1.0
490000,0.14716808,3.717933,0.025751567,0.027624888,0.00026376962,0.18792324,0.0043973676,None,-0.30499993450939655,-0.30499993450939655,1.0,2.0,2.0,2.0,1.0
500000,0.1608963,3.7063258,0.025614303,0.02419686,0.00026298236,0.18766078,0.004384274,None,None,None,1.0,3.0,3.0,3.0,1.0
510000,0.17285907,3.6767998,0.027741032,0.021669928,0.00026221204,0.18740402,0.004371459,999.0,2.5406250804274655,2.5406250804274655,0.0,0.0,0.0,0.0,1.0
520000,0.19406047,3.6765041,0.03696438,0.019530138,0.00026141285,0.1871376,0.004358166,None,None,None,3.5,4.5,1.5,1.5,1.0
530000,0.24843836,3.6160123,0.038487747,0.030000389,0.0002606064,0.18686877,0.004344753,999.0,5.115625126753002,5.115625126753002,0.0,0.0,0.0,0.0,1.0
540000,0.2870228,3.6241448,0.052707314,0.020569984,0.00025982404,0.18660797,0.0043317387,None,None,None,4.0,4.0,2.0,3.0,1.0
550000,0.3466116,3.580499,0.04786153,0.023646623,0.0002590368,0.1863456,0.004318645,None,None,None,6.0,6.0,4.0,6.0,1.0
560000,0.37822315,3.5484433,0.041772857,0.019168368,0.0002582544,0.18608479,0.0043056314,999.0,7.063541836842584,7.063541836842584,0.0,1.0,2.0,2.0,1.0
570000,0.36974648,3.5213103,0.037104946,0.018976685,0.00025746727,0.18582243,0.0042925384,None,None,None,1.0,7.0,6.0,6.0,1.0
580000,0.37478343,3.4726737,0.0380522,0.027689977,0.00025668475,0.18556161,0.0042795236,999.0,4.203541779968266,4.203541779968266,0.0,0.0,0.0,0.0,1.0
590000,0.40521318,3.4409769,0.031530313,0.021876534,0.0002558976,0.18529923,0.004266431,None,None,None,3.0,0.0,2.0,1.0,1.0
600000,0.4013843,3.4614184,0.02684973,0.028930116,0.0002550912,0.18503042,0.0042530163,999.0,3.1736957658406184,3.1736957658406184,1.5,1.0,1.5,1.0,1.0
610000,0.35290843,3.4219532,0.04890274,0.025619816,0.00025430883,0.1847696,0.004240004,None,-0.4300000071525574,-0.4300000071525574,0.0,2.0,4.0,3.0,1.0
620000,0.38980326,3.422621,0.04284926,0.025859272,0.0002535217,0.18450724,0.004226909,None,None,None,2.0,3.0,7.0,4.0,1.0
630000,0.44672295,3.3451452,None,None,None,None,None,999.0,5.0789584373512,5.0789584373512,0.0,0.0,0.0,0.0,1.0
640000,0.49435908,3.3296084,0.05020747,0.02566688,0.00025273918,0.1842464,0.0042138943,None,None,None,4.0,5.0,1.0,5.5,1.0
650000,0.45462468,3.2770033,0.0371211,0.025417574,0.00025195203,0.18398397,0.0042008017,999.0,5.686250132935432,5.686250132935432,0.0,0.0,0.0,0.0,1.0
660000,0.4611925,3.260223,0.05863109,0.02042824,0.00025116967,0.18372326,0.004187787,None,None,None,5.0,4.0,3.0,1.0,1.0
670000,0.5220203,3.2464137,0.061371196,0.017190762,0.0002503824,0.18346077,0.004174694,None,None,None,8.0,6.0,5.0,1.0,1.0
680000,0.5500202,3.2400753,0.056332406,0.02569558,0.00024961206,0.18320403,0.0041618794,999.0,10.188958477345295,10.188958477345295,1.5,1.5,2.0,3.0,1.0
690000,0.54060125,3.2177866,0.04527179,0.025452517,0.00024881275,0.18293759,0.0041485867,None,None,None,6.0,5.0,4.0,6.0,1.0
700000,0.5261685,3.1995587,0.03589999,0.021460546,0.00024800646,0.18266878,0.0041351737,999.0,3.8570834666800997,3.8570834666800997,0.0,0.0,0.0,0.0,1.0
710000,0.5504909,3.16118,0.061337277,0.021788584,0.0002472241,0.18240799,0.0041221594,None,None,None,3.0,3.0,4.0,3.0,1.0
720000,0.53608215,3.1518464,0.05083279,0.025682302,0.00024643683,0.1821456,0.0041090646,999.0,6.739565367203044,6.739565367203044,1.5,2.5,2.5,2.0,1.0
730000,0.5176266,3.1418092,0.054935575,0.02563969,0.00024565443,0.1818848,0.004096052,None,9.555000133812428,9.555000133812428,4.0,5.0,1.0,2.0,1.0
740000,0.51841694,3.1101272,0.04477032,0.021731447,0.0002448672,0.18162243,0.0040829573,None,None,None,5.0,6.0,3.0,2.0,1.0
750000,0.50032413,3.0475533,0.040960226,0.024112944,0.0002440848,0.18136162,0.0040699444,999.0,4.075625080770503,4.075625080770503,0.0,0.0,0.0,0.0,1.0
760000,0.507193,3.0171244,0.040727198,0.023794277,0.00024329768,0.18109925,0.0040568495,None,None,None,3.0,1.5,0.5,2.5,1.0
770000,0.48727122,3.0172398,0.046586923,0.027653683,0.00024249125,0.18083042,0.004043437,999.0,3.7322917759108045,3.7322917759108045,0.0,0.0,0.0,0.0,1.0
780000,0.5002391,3.0118184,0.05314151,0.022727692,0.00024170887,0.18056962,0.004030423,None,None,None,2.0,2.0,6.0,4.0,1.0
790000,0.5172475,2.9883106,0.053880826,0.027193608,0.00024092161,0.18030724,0.00401733,None,None,None,4.0,4.0,10.0,4.0,1.0
800000,0.5316268,2.9692705,0.070804395,0.027396588,0.00024013924,0.18004642,0.0040043155,999.0,5.685208491825809,5.685208491825809,2.5,1.5,0.5,1.0,1.0
810000,0.58371234,2.9291935,0.08814328,0.026025277,0.00023935207,0.17978397,0.003991222,None,None,None,9.0,4.0,1.0,10.0,1.0
820000,0.6383068,2.8825183,0.07325552,0.023791509,0.00023856961,0.17952316,0.0039782077,999.0,8.866250164069546,8.866250164069546,0.0,0.0,0.0,0.0,1.0
830000,0.6729909,2.8401985,0.10213434,0.023561766,0.00023778246,0.17926079,0.0039651147,None,None,None,5.0,4.0,3.0,4.0,1.0
840000,0.75944525,2.823523,0.09010115,0.022985693,0.0002370121,0.17900404,0.0039523,999.0,13.331087124210013,13.331087124210013,3.0,4.0,4.0,4.0,1.0
850000,0.77230716,2.8755882,None,None,None,None,None,None,23.100000262260437,23.100000262260437,5.0,4.0,1.0,2.0,1.0
860000,0.74117786,2.8330412,0.036105547,0.022402735,0.00023621281,0.17873761,0.003939005,None,None,None,6.0,6.0,2.0,2.0,1.0
870000,0.67293185,2.7789576,0.02547502,0.028463181,0.00023540649,0.17846876,0.0039255926,999.0,1.552708432582828,1.552708432582828,0.0,0.0,0.0,0.0,1.0
880000,0.62415296,2.7551076,0.025417324,0.026558217,0.000234624,0.17820796,0.003912578,None,None,None,2.5,2.5,5.5,3.5,1.0
890000,0.5698444,2.7464576,0.021272095,0.026944442,0.00023383688,0.17794561,0.0038994853,999.0,0.9443750806385651,0.9443750806385651,0.0,0.0,0.0,0.0,1.0
900000,0.55447316,2.6754746,0.032096487,0.019195246,0.00023305448,0.17768481,0.003886471,None,None,None,0.0,1.0,2.0,2.0,1.0
910000,0.55984896,2.6509688,0.056297377,0.021438686,0.00023226722,0.17742243,0.0038733776,None,None,None,2.0,2.0,4.0,3.0,1.0
920000,0.55983824,2.6606321,0.059094116,0.026012668,0.00023148485,0.17716163,0.0038603633,999.0,6.34250009781681,6.34250009781681,4.0,1.0,2.0,1.0,1.0
930000,0.5597176,2.571153,0.060360495,0.026845403,0.00023069761,0.17689915,0.0038472703,None,None,None,12.0,3.0,5.0,3.0,1.0
940000,0.5534643,2.559419,0.04416371,0.025728496,0.00022989126,0.17663044,0.0038338576,999.0,4.912291818686451,4.912291818686451,0.0,0.0,0.0,0.0,1.0
950000,0.6080435,2.5001252,0.088916466,0.02683123,0.00022910889,0.17636962,0.0038208433,None,None,None,2.0,4.0,4.0,1.0,1.0
960000,0.67659646,2.4757938,0.07631175,0.021028072,0.00022832165,0.17610724,0.0038077484,999.0,9.457174087793607,9.457174087793607,1.5,4.5,4.0,1.0,1.0
970000,0.7143465,2.5197594,0.10063651,0.020430736,0.00022753928,0.17584643,0.0037947358,None,8.515000198036432,8.515000198036432,6.0,5.0,4.0,2.0,1.0
980000,0.7690492,2.481189,0.09567165,0.026209626,0.00022675203,0.17558397,0.0037816411,None,None,None,8.0,6.0,6.0,2.0,1.0
990000,0.8027302,2.5336497,0.08790663,0.025329132,0.00022596963,0.17532317,0.003768628,999.0,13.88229180756025,13.88229180756025,0.0,1.0,0.0,0.0,1.0
1000000,0.82217836,2.4994335,0.077611156,0.02439972,0.00022518246,0.1750608,0.0037555331,None,None,None,5.0,5.5,5.5,3.5,1.0
1010000,0.8493766,2.4998522,0.09035179,0.018632391,0.00022441201,0.17480405,0.0037427188,999.0,11.286458466085605,11.286458466085605,0.0,0.0,0.0,0.0,1.0
1020000,0.9030243,2.4743807,0.07685137,0.01975409,0.00022361285,0.17453761,0.0037294258,None,None,None,4.0,6.0,2.0,3.0,1.0
1030000,0.90777326,2.4627051,0.072858684,0.026794624,0.00022280641,0.17426878,0.0037160134,None,None,None,4.0,10.0,2.0,8.0,1.0
1040000,0.90541995,2.4115736,0.07981205,0.022176765,0.00022202404,0.17400798,0.0037029989,999.0,7.352708501081604,7.352708501081604,2.0,0.5,1.0,1.0,1.0
1050000,0.8996127,2.378308,None,None,None,None,None,None,None,None,7.0,4.0,5.0,4.0,1.0
1060000,0.8929188,2.3384008,0.08784912,0.023979804,0.0002212368,0.1737456,0.0036899054,999.0,7.876875146253345,7.876875146253345,0.0,0.0,0.0,0.0,1.0
1070000,0.9464296,2.3280797,0.09078656,0.027147537,0.00022045443,0.1734848,0.0036768916,None,None,None,0.0,2.0,3.0,6.0,1.0
1080000,0.99423903,2.3157263,0.098285474,0.027657116,0.00021966727,0.17322241,0.003663798,999.0,10.803913190110546,10.803913190110546,0.5,2.0,2.5,3.5,1.0
1090000,0.9619255,2.3491385,0.10138671,0.019704785,0.00021888487,0.17296162,0.003650784,None,29.230000138282776,29.230000138282776,3.0,4.0,5.0,6.0,1.0
1100000,1.0078738,2.2984786,0.1067402,0.020205325,0.00021809764,0.17269917,0.0036376894,None,None,None,5.0,6.0,6.0,7.0,1.0
1110000,1.0306036,2.2524042,0.103555016,0.021670632,0.0002172912,0.17243043,0.0036242763,999.0,11.392916823737323,11.392916823737323,0.0,1.0,0.0,0.0,1.0
1120000,1.0696754,2.209855,0.10085466,0.02028711,0.00021650882,0.17216963,0.0036112638,None,None,None,4.0,4.0,9.5,0.5,1.0
1130000,1.0118161,2.2110267,0.070393294,0.019493531,0.00021572168,0.17190725,0.003598169,999.0,6.887500106434648,6.887500106434648,0.0,0.0,0.0,0.0,1.0
1140000,0.8856641,2.1954079,0.07096874,0.023873385,0.00021493931,0.17164645,0.003585155,None,None,None,3.0,3.0,5.0,4.0,1.0
1150000,0.84059495,2.1330721,0.06441836,0.026421491,0.00021415205,0.17138399,0.0035720617,None,None,None,5.0,5.0,6.0,6.0,1.0
1160000,0.7258925,2.2048478,0.05502094,0.025479944,0.00021336967,0.17112318,0.0035590471,999.0,3.6022917905744785,3.6022917905744785,1.5,1.0,2.0,2.5,1.0
1170000,0.6861563,2.1275108,0.050636243,0.024898026,0.00021258242,0.1708608,0.0035459544,None,None,None,6.0,4.0,6.0,10.0,1.0
1180000,0.6704853,2.118971,0.051473252,0.025844062,0.00021181206,0.17060405,0.0035331396,999.0,3.4095834508771077,3.4095834508771077,0.0,0.0,0.0,0.0,1.0
1190000,0.7303963,2.0771873,0.115687355,0.0265365,0.00021101288,0.17033762,0.0035198466,None,None,None,6.0,0.0,3.0,3.0,1.0
1200000,0.77541053,2.0733366,0.091239415,0.02277844,0.00021020646,0.17006879,0.0035064323,999.0,10.284782799001297,10.284782799001297,4.0,0.5,2.5,2.0,1.0
1210000,0.7274788,2.137663,0.10849882,0.024932347,0.00020942408,0.16980797,0.0034934196,None,22.860000252723694,22.860000252723694,1.0,5.0,2.0,3.0,1.0
1220000,0.7773207,2.120313,0.11110172,0.025511725,0.00020863683,0.16954562,0.003480325,None,None,None,6.0,6.0,6.0,5.0,1.0
1230000,0.81842244,2.1710584,0.09023083,0.024519872,0.00020785443,0.16928479,0.0034673118,999.0,10.88125012717986,10.88125012717986,0.0,0.0,0.0,0.0,1.0
1240000,0.8666865,2.1875534,0.1023675,0.024622345,0.00020706729,0.16902243,0.0034542172,None,None,None,2.0,7.5,2.5,1.0,1.0
1250000,0.8579007,2.1329215,0.09026245,0.025979761,0.00020628482,0.16876164,0.0034412045,999.0,9.804375153927444,9.804375153927444,0.0,0.0,0.0,0.0,1.0
1260000,0.8810733,2.0815318,None,None,None,None,None,None,None,None,2.0,4.0,1.0,1.0,1.0
1270000,0.8602019,2.0155904,0.061929148,0.024417542,0.00020549766,0.16849916,0.0034281097,None,None,None,2.0,5.0,2.0,6.0,1.0
1280000,0.8092963,2.0409594,0.0468621,0.021972382,0.00020469124,0.16823044,0.0034146972,999.0,2.2329168159437054,2.2329168159437054,1.0,1.0,2.5,3.0,1.0
1290000,0.86561954,2.0264113,0.12159858,0.021551294,0.00020390886,0.16796963,0.0034016825,None,None,None,4.0,5.0,9.0,8.0,1.0
1300000,0.9056843,2.0345063,0.13138653,0.03400776,0.00020312161,0.16770725,0.0033885897,999.0,14.25187516619917,14.25187516619917,0.0,0.0,0.0,0.0,1.0
1310000,0.86803555,2.0159602,0.095423564,0.023480842,0.00020233922,0.16744645,0.0033755752,None,None,None,3.0,3.0,2.0,3.0,1.0
1320000,0.7813749,2.066755,0.037402805,0.023220832,0.00020155209,0.16718397,0.0033624822,999.0,1.452608802801241,1.452608802801241,2.5,1.5,1.0,2.5,1.0
1330000,0.72949743,2.1057014,0.062419973,0.027601637,0.0002007697,0.16692318,0.0033494676,None,1.050000200048089,1.050000200048089,3.0,4.0,3.0,3.0,1.0
1340000,0.76694494,2.1130037,0.121956274,0.019946326,0.00019998245,0.1666608,0.003336373,None,None,None,5.0,8.0,5.0,4.0,1.0
1350000,0.83988386,2.126488,0.1301491,0.025430698,0.00019921207,0.16640396,0.0033235599,999.0,14.834791813977063,14.834791813977063,0.0,0.0,0.0,0.0,1.0
1360000,0.9336653,2.1224053,0.12657301,0.02378331,0.00019841282,0.16613762,0.0033102657,None,None,None,5.0,6.5,3.0,7.0,1.0
1370000,0.96684796,2.0943115,0.10722374,0.022853158,0.00019760648,0.16586879,0.0032968528,999.0,13.288333468255587,13.288333468255587,0.0,0.0,0.0,0.0,1.0
1380000,1.0122153,2.0644097,0.11569805,0.027702667,0.00019682401,0.16560799,0.0032838385,None,None,None,4.0,4.0,4.0,2.0,1.0
1390000,1.0661433,2.038524,0.11643643,0.025414478,0.00019603685,0.16534562,0.0032707453,None,None,None,5.0,7.0,7.0,6.0,1.0
1400000,1.0972152,2.0055716,0.1366211,0.022641407,0.0001952545,0.16508481,0.0032577312,999.0,11.445625128418518,11.445625128418518,4.0,3.5,2.0,4.5,1.0
1410000,1.1680799,1.9546201,0.1431186,0.01985813,0.00019446723,0.16482243,0.003244638,None,None,None,9.0,10.0,7.0,11.0,1.0
1420000,1.2261593,1.9700809,0.1417991,0.025728738,0.00019368486,0.16456161,0.0032316232,999.0,17.05333345158336,17.05333345158336,0.0,0.0,0.0,0.0,1.0
1430000,1.302111,1.8986244,0.150076,0.025952585,0.0001928977,0.16429918,0.0032185307,None,None,None,5.0,7.0,8.0,3.0,1.0
1440000,1.3783439,1.8944012,0.13749678,0.024591302,0.00019209128,0.16403042,0.0032051175,999.0,18.414565399005685,18.414565399005685,3.5,4.0,6.5,3.5,1.0
1450000,1.3844675,1.925736,0.12336888,0.022336684,0.00019130889,0.16376963,0.0031921035,None,26.300000213086605,26.300000213086605,5.0,2.0,8.0,5.0,1.0
1460000,1.420193,1.8474096,0.113765,0.022175094,0.00019052163,0.16350716,0.0031790088,None,None,None,6.0,4.0,9.0,10.0,1.0
1470000,1.3920921,1.864763,None,None,None,None,None,999.0,10.965208509665294,10.965208509665294,0.0,0.0,0.0,0.0,1.0
1480000,1.4415954,1.8664843,0.13202874,0.021354822,0.00018973925,0.16324635,0.0031659955,None,None,None,3.0,2.5,0.0,6.0,1.0
1490000,1.4870725,1.8630683,0.14667322,0.026495839,0.00018895202,0.16298398,0.003152901,999.0,18.447291753060806,18.447291753060806,0.0,0.0,0.0,0.0,1.0
1500000,1.3975326,1.9625999,0.12509073,0.030505339,0.00018816961,0.16272317,0.0031398882,None,None,None,2.0,6.0,5.0,1.0,1.0
1510000,1.3101842,1.9191253,0.084084824,0.027300688,0.0001873825,0.1624608,0.0031267935,None,None,None,3.0,7.0,7.0,3.0,1.0
1520000,1.201214,1.9263388,0.09161821,0.017306574,0.00018661204,0.16220397,0.0031139792,999.0,7.0818750985975685,7.0818750985975685,1.0,1.0,1.5,1.5,1.0
1530000,1.1097286,1.9072543,0.10234026,0.02454532,0.00018581285,0.16193762,0.0031006862,None,None,None,3.0,3.0,5.0,5.0,1.0
1540000,1.0270289,1.8947461,0.108755305,0.02613393,0.00018500643,0.1616688,0.0030872736,999.0,7.708958391759855,7.708958391759855,0.0,0.0,0.0,1.0,1.0
1550000,1.0339385,1.8174814,0.10977449,0.024893655,0.00018422405,0.16140799,0.003074259,None,None,None,5.0,8.0,1.0,4.0,1.0
1560000,1.0173252,1.7630023,0.080117315,0.026024772,0.00018343689,0.16114561,0.0030611658,999.0,6.820652270689607,6.820652270689607,3.0,5.5,1.0,2.0,1.0
1570000,1.0568614,1.8177164,0.119593784,0.018244267,0.0001826544,0.16088481,0.0030481513,None,0.2550001349300146,0.2550001349300146,4.0,2.0,4.0,4.0,1.0
1580000,1.1002368,1.7801819,0.16024593,0.024507998,0.00018186726,0.16062243,0.0030350585,None,None,None,6.0,4.0,5.0,4.0,1.0
1590000,1.1326566,1.7943133,0.14578988,0.029479133,0.00018108489,0.16036163,0.003022044,999.0,16.406458411792602,16.406458411792602,0.0,0.0,0.0,0.0,1.0
1600000,1.1796335,1.8214129,0.14696947,0.020894552,0.00018029762,0.16009916,0.0030089493,None,None,None,3.5,2.0,7.0,5.0,1.0
1610000,1.1733643,1.8214154,0.11987355,0.022605235,0.00017949131,0.15983042,0.0029955367,999.0,13.923541745520197,13.923541745520197,0.0,1.0,0.0,0.0,1.0
1620000,1.1064728,1.8354826,0.12561384,0.025486337,0.00017870883,0.1595696,0.0029825221,None,None,None,2.0,3.0,6.0,5.0,1.0
1630000,1.0912458,1.7977663,0.09103322,0.0269287,0.00017792167,0.15930718,0.0029694291,None,None,None,4.0,4.0,9.0,6.0,1.0
1640000,1.1846308,1.7327676,0.1334,0.023777734,0.00017713929,0.15904637,0.0029564148,999.0,7.490416763660808,7.490416763660808,2.0,1.0,1.5,2.0,1.0
1650000,1.2652422,1.599854,0.16130939,0.02131423,0.00017635203,0.15878399,0.0029433216,None,None,None,7.0,4.0,3.0,6.0,1.0
1660000,1.2602084,1.6769452,0.15970442,0.032240402,0.00017556967,0.15852317,0.0029303073,999.0,16.62604175573991,16.62604175573991,0.0,0.0,0.0,1.0,1.0
1670000,1.2610157,1.6646862,0.09888174,0.026662735,0.00017478241,0.15826079,0.0029172143,None,None,None,0.0,3.0,3.0,6.0,1.0
1680000,1.2004918,1.6589301,0.08677009,0.024733154,0.00017401205,0.15800399,0.0029043998,999.0,6.938478326182002,6.938478326182002,0.0,3.0,3.0,3.0,1.0
1690000,1.0846298,1.6243981,None,None,None,None,None,None,1.85500025190413,1.85500025190413,4.0,5.0,2.0,6.0,1.0
1700000,1.104552,1.5665714,0.14501666,0.029056652,0.00017321289,0.1577376,0.0028911068,None,None,None,6.0,6.0,7.0,8.0,1.0
1710000,1.0889755,1.6298354,0.120729275,0.028720338,0.00017240645,0.1574688,0.0028776925,999.0,11.094375092613822,11.094375092613822,0.0,0.0,0.0,0.0,1.0
1720000,1.14448,1.650594,0.16839483,0.021111915,0.00017162408,0.157208,0.0028646798,None,None,None,4.0,4.0,4.0,3.0,1.0
1730000,1.163976,1.6570411,0.17408386,0.029348454,0.00017083682,0.15694563,0.0028515852,999.0,16.464166808097314,16.464166808097314,0.0,0.0,0.0,0.0,1.0
1740000,1.2120053,1.6389608,0.1324409,0.026852382,0.00017005444,0.15668482,0.0028385723,None,None,None,5.0,3.0,5.0,5.0,1.0
1750000,1.2159768,1.6389283,0.11972896,0.022701768,0.00016926728,0.15642244,0.0028254774,None,None,None,5.0,4.0,6.0,6.0,1.0
1760000,1.1557912,1.7070162,0.12539785,0.02520583,0.00016848482,0.15616162,0.002812463,999.0,10.167500092570359,10.167500092570359,0.0,2.5,1.0,1.5,1.0
1770000,1.1734194,1.6778213,0.116663374,0.024340121,0.00016769767,0.15589918,0.0027993699,None,None,None,3.0,6.0,4.0,3.0,1.0
1780000,1.1911554,1.6939327,0.1378312,0.018726509,0.00016689123,0.15563041,0.0027859572,999.0,11.57833341016279,11.57833341016279,1.0,0.0,0.0,0.0,1.0
1790000,1.3118719,1.6470149,0.140237,0.02229965,0.00016610886,0.15536962,0.002772943,None,None,None,5.0,3.0,2.0,4.0,1.0
1800000,1.2980903,1.6868658,0.15613914,0.025368292,0.0001653217,0.15510719,0.0027598494,999.0,13.575434859680092,13.575434859680092,4.5,3.0,2.0,2.0,1.0
1810000,0.9995823,1.8329633,0.08646236,0.022877753,0.00016453923,0.15484637,0.0027468354,None,0.6400001011788845,0.6400001011788845,0.0,5.0,1.0,4.0,1.0
1820000,0.95810795,1.8189564,0.023329398,0.031207757,0.00016375209,0.15458399,0.0027337421,None,None,None,2.0,6.0,2.0,4.0,1.0
1830000,0.98717034,1.7804267,0.07204656,0.020503568,0.00016296968,0.15432318,0.0027207278,999.0,-0.29041660433479893,-0.29041660433479893,0.0,0.0,0.0,0.0,1.0
1840000,1.0945834,1.7146349,0.17913243,0.018825773,0.00016218245,0.15406081,0.0027076332,None,None,None,2.0,3.5,6.0,3.0,1.0
1850000,1.1430835,1.7272688,0.15477909,0.024888245,0.0001614121,0.15380399,0.0026948203,999.0,17.725625148780335,17.725625148780335,0.0,0.0,0.0,0.0,1.0
1860000,1.1916227,1.710581,0.17442062,0.023722505,0.00016061291,0.1535376,0.002681526,None,None,None,2.0,4.0,8.0,1.0,1.0
1870000,1.2557621,1.7049378,0.15700048,0.027605157,0.0001598065,0.1532688,0.002668113,None,None,None,5.0,4.0,9.0,2.0,1.0
1880000,1.3167694,1.6953143,0.19328184,0.021137182,0.00015902409,0.153008,0.0026550984,999.0,18.193125092579674,18.193125092579674,3.5,2.0,2.5,1.0,1.0
1890000,1.4865412,1.6700917,None,None,None,None,None,None,None,None,9.0,4.0,6.0,4.0,1.0
1900000,1.5574498,1.757302,0.18121321,0.029143753,0.00015823686,0.15274563,0.0026420054,999.0,25.047083225722115,25.047083225722115,0.0,0.0,0.0,0.0,1.0
1910000,1.5939513,1.7902554,0.16951321,0.020158203,0.00015745447,0.15248482,0.002628991,None,None,None,3.0,3.0,4.0,1.0,1.0
1920000,1.638131,1.7505023,0.16689943,0.02072082,0.00015666724,0.15222241,0.002615898,999.0,20.736304322905514,20.736304322905514,2.5,2.0,2.5,1.0,1.0
1930000,1.6296868,1.7518544,0.1809604,0.024832295,0.00015588485,0.15196161,0.0026028836,None,-0.5749999936670065,-0.5749999936670065,3.0,3.0,7.0,4.0,1.0
1940000,1.6628387,1.7113897,0.15614472,0.018967994,0.00015509767,0.1516992,0.0025897904,None,None,None,5.0,6.0,8.0,4.0,1.0
1950000,1.6009921,1.7619116,0.15311661,0.025549384,0.00015429128,0.15143041,0.002576378,999.0,15.504374990977036,15.504374990977036,0.0,0.0,0.0,0.0,1.0
1960000,1.6005546,1.7293016,0.17474665,0.02496473,0.00015350888,0.15116961,0.0025633634,None,None,None,1.5,3.0,5.0,6.5,1.0
1970000,1.637644,1.7615502,0.1569461,0.028864833,0.00015272167,0.15090719,0.0025502688,999.0,15.63708336907439,15.63708336907439,0.0,0.0,0.0,0.0,1.0
1980000,1.6959925,1.7376704,0.15918477,0.025038537,0.00015193925,0.15064639,0.0025372559,None,None,None,3.0,1.0,4.0,6.0,1.0
1990000,1.6874784,1.7487838,0.15535764,0.028660348,0.00015115208,0.15038398,0.002524161,None,None,None,3.0,2.0,4.0,8.0,1.0
2000000,1.7183716,1.6856985,0.20606981,0.023739984,0.00015036965,0.1501232,0.0025111483,999.0,17.478750044945627,17.478750044945627,4.0,1.5,1.5,2.5,1.0
2010000,1.8209326,1.657778,0.22358735,0.026646841,0.00014958248,0.14986081,0.0024980537,None,None,None,9.0,4.0,4.0,5.0,1.0
2020000,1.8277954,1.7066737,0.18407919,0.024560774,0.00014881203,0.149604,0.0024852392,999.0,29.19020832539536,29.19020832539536,0.0,0.0,0.0,0.0,1.0
2030000,1.7395514,1.759627,0.1082033,0.026819866,0.00014801284,0.14933762,0.0024719464,None,None,None,4.0,4.0,3.0,5.0,1.0
2040000,1.6785607,1.7498119,0.10081598,0.024157675,0.00014720649,0.1490688,0.0024585337,999.0,6.730869651488636,6.730869651488636,2.0,3.0,2.0,2.5,1.0
2050000,1.677841,1.7386276,0.16428767,0.03215381,0.00014642408,0.148808,0.0024455192,None,0.6300000920891762,0.6300000920891762,3.0,5.0,7.0,1.0,1.0
2060000,1.7096674,1.6937542,0.17039755,0.027862249,0.00014563689,0.1485456,0.0024324255,None,None,None,4.0,5.0,9.0,1.0,1.0
2070000,1.6926118,1.70909,0.16365972,0.022840327,0.00014485448,0.14828482,0.0024194117,999.0,19.145833357586525,19.145833357586525,0.0,0.0,0.0,0.0,1.0
2080000,1.6853784,1.7013332,0.1531496,0.022842195,0.00014406725,0.14802238,0.0024063175,None,None,None,4.0,2.5,2.0,5.5,1.0
2090000,1.6218055,1.7205675,0.13907743,0.021913163,0.00014328488,0.14776161,0.0023933041,999.0,10.49770838371478,10.49770838371478,0.0,0.0,0.0,0.0,1.0
2100000,1.4501321,1.7602772,None,None,None,None,None,None,None,None,8.0,5.0,2.0,6.0,1.0
2110000,1.5060546,1.710877,0.17754705,0.025083613,0.00014249767,0.14749917,0.0023802097,None,None,None,11.0,5.0,6.0,8.0,1.0
2120000,1.6240094,1.5708653,0.16312218,0.022599703,0.00014169126,0.14723042,0.0023667966,999.0,16.375416739067685,16.375416739067685,1.5,2.0,1.5,1.5,1.0
2130000,1.671863,1.5446755,0.14830923,0.026117736,0.00014090884,0.1469696,0.0023537828,None,None,None,3.0,5.0,6.0,4.0,1.0
2140000,1.5594614,1.5992674,0.13878228,0.019067125,0.00014012167,0.1467072,0.0023406893,999.0,13.948958339557672,13.948958339557672,0.0,0.0,0.0,0.0,1.0
2150000,1.4538895,1.6413659,0.14408581,0.023333728,0.00013933929,0.1464464,0.0023276755,None,None,None,1.0,7.0,1.0,5.0,1.0
2160000,1.3915274,1.641293,0.12569194,0.01888746,0.00013855207,0.146184,0.0023145818,999.0,9.093695762850668,9.093695762850668,2.0,4.0,0.5,3.5,1.0
2170000,1.1990317,1.7494426,0.12595657,0.016660158,0.00013776965,0.14592318,0.0023015672,None,0.6550001371651888,0.6550001371651888,6.0,4.0,3.0,2.0,1.0
2180000,1.1793664,1.6705258,0.14357989,0.025621029,0.00013698247,0.14566082,0.0022884745,None,None,None,6.0,6.0,4.0,4.0,1.0
2190000,1.2994176,1.5930115,0.13985102,0.025307817,0.00013621205,0.14540401,0.0022756597,999.0,10.726458362187259,10.726458362187259,0.0,0.0,0.0,0.0,1.0
2200000,1.4343024,1.5640879,0.20199367,0.021623496,0.00013541288,0.14513761,0.0022623662,None,None,None,4.0,4.0,4.5,3.0,1.0
2210000,1.4690711,1.5710078,0.19238548,0.02654024,0.00013460645,0.1448688,0.0022489529,999.0,18.810833317033637,18.810833317033637,0.0,0.0,0.0,0.0,1.0
2220000,1.490148,1.5562003,0.1789807,0.022331405,0.00013382408,0.144608,0.0022359393,None,None,None,3.0,4.0,0.0,9.0,1.0
2230000,1.4820106,1.5478798,0.14640227,0.020777967,0.00013303687,0.1443456,0.0022228449,None,None,None,3.0,5.0,0.0,9.0,1.0
2240000,1.2544767,1.6760564,0.1284871,0.02182556,0.00013225448,0.14408478,0.0022098315,999.0,13.959166754269972,13.959166754269972,1.0,1.5,0.5,0.5,1.0
2250000,1.1274695,1.6417116,0.08615815,0.024985876,0.00013146728,0.14382239,0.0021967376,None,None,None,3.0,6.0,1.0,1.0,1.0
2260000,1.0984342,1.6557317,0.09492304,0.024385922,0.00013068486,0.14356159,0.0021837237,999.0,4.365000042210643,4.365000042210643,0.0,0.0,0.0,0.0,1.0
2270000,1.2440131,1.635201,0.23036483,0.023030324,0.00012989766,0.14329918,0.00217063,None,None,None,6.0,3.0,4.0,2.0,1.0
2280000,1.2951915,1.631159,0.19302686,0.023481263,0.00012909128,0.14303039,0.0021572174,999.0,17.666956552668758,17.666956552668758,4.0,2.5,2.5,1.5,1.0
2290000,1.2981365,1.6443732,0.18684743,0.021712996,0.00012830885,0.1427696,0.002144203,None,34.78999984264374,34.78999984264374,7.0,6.0,2.0,3.0,1.0
2300000,1.3222055,1.6512276,0.18418574,0.0179102,0.00012752165,0.14250717,0.0021311091,None,None,None,9.0,9.0,5.0,4.0,1.0
2310000,1.3547658,1.6195557,None,None,None,None,None,999.0,17.69666665206508,17.69666665206508,0.0,0.0,0.0,0.0,1.0
2320000,1.3243464,1.5502759,0.16420297,0.023368716,0.00012673928,0.14224641,0.0021180955,None,None,None,3.5,3.0,4.5,2.5,1.0
2330000,1.2839245,1.5618176,0.12727463,0.024997348,0.00012595206,0.141984,0.0021050016,999.0,7.11833343480248,7.11833343480248,0.0,0.0,0.0,0.0,1.0
2340000,1.2117908,1.6025732,0.11717122,0.027200788,0.00012516968,0.14172319,0.0020919878,None,None,None,3.0,5.0,2.0,2.0,1.0
2350000,1.2116307,1.6230023,0.13545403,0.021870421,0.00012438248,0.14146082,0.002078894,None,None,None,4.0,7.0,7.0,5.0,1.0
2360000,1.1002834,1.6429021,0.134063,0.022387298,0.00012361209,0.14120397,0.0020660795,999.0,11.725000095825331,11.725000095825331,0.5,1.0,2.0,1.0,1.0
2370000,1.0237269,1.6152111,0.09628486,0.027031356,0.00012281287,0.1409376,0.0020527865,None,None,None,2.0,4.0,6.0,2.0,1.0
2380000,1.0674907,1.5929074,0.100000106,0.02237769,0.00012200648,0.14066881,0.002039373,999.0,4.227291788828249,4.227291788828249,0.0,0.0,0.0,0.0,1.0
2390000,1.3193433,1.5126677,0.22500978,0.022357566,0.00012122405,0.14040801,0.0020263593,None,None,None,3.0,8.0,4.0,4.0,1.0
2400000,1.4088242,1.5014181,0.2286453,0.026306184,0.00012043685,0.1401456,0.0020132656,999.0,24.240869612068586,24.240869612068586,2.0,5.0,2.0,2.5,1.0
2410000,1.3877939,1.5925151,0.21027738,0.028448682,0.00011965447,0.13988478,0.002000251,None,38.06999981403351,38.06999981403351,3.0,6.0,4.0,4.0,1.0
2420000,1.4521259,1.5892825,0.16464972,0.020206476,0.000118867276,0.1396224,0.001987158,None,None,None,5.0,7.0,6.0,5.0,1.0
2430000,1.4481888,1.6451869,0.18226881,0.020199059,0.000118084885,0.13936159,0.0019741438,999.0,18.03916674014181,18.03916674014181,0.0,0.0,0.0,0.0,1.0
2440000,1.4923018,1.6145376,0.19960222,0.02019442,0.000117297684,0.13909918,0.0019610496,None,None,None,6.0,4.0,8.5,3.5,1.0
2450000,1.5323738,1.6427277,0.1813695,0.020901112,0.00011649126,0.1388304,0.0019476371,999.0,21.88687511754688,21.88687511754688,1.0,0.0,0.0,0.0,1.0
2460000,1.5117643,1.6291844,0.17858209,0.023674171,0.000115708885,0.13856961,0.0019346226,None,None,None,4.0,9.0,3.0,0.0,1.0
2470000,1.5197699,1.5920862,0.16164416,0.02172527,0.000114921684,0.13830717,0.0019215295,None,None,None,4.0,10.0,4.0,2.0,1.0
2480000,1.4895096,1.6360054,0.1400839,0.023993112,0.00011413926,0.13804641,0.0019085151,999.0,16.01520841945118,16.01520841945118,0.5,2.0,2.5,1.5,1.0
2490000,1.4406376,1.6030043,0.09953929,0.02516119,0.00011335205,0.137784,0.0018954213,None,None,None,3.0,5.0,9.0,5.0,1.0
2500000,1.3539083,1.616896,0.116730794,0.029261423,0.000112569665,0.1375232,0.0018824076,999.0,6.950208410465469,6.950208410465469,0.0,0.0,0.0,0.0,1.0
2510000,1.3166872,1.613825,0.14823145,0.02202168,0.00011178247,0.13726082,0.0018693138,None,None,None,6.0,7.0,2.0,1.0,1.0
2520000,1.3331114,1.5930845,0.14247891,0.021971308,0.00011101206,0.13700397,0.0018564992,999.0,12.16065221287958,12.16065221287958,3.0,4.0,1.5,1.5,1.0
2530000,1.4084556,1.497154,None,None,None,None,None,None,-0.9749999530613422,-0.9749999530613422,1.0,4.0,4.0,1.0,1.0
2540000,1.5200449,1.4721373,0.18918926,0.021562435,0.000110212895,0.1367376,0.0018432064,None,None,None,3.0,5.0,5.0,3.0,1.0
2550000,1.519716,1.5427299,0.17477588,0.02277457,0.00010940646,0.13646881,0.0018297926,999.0,19.47645835989776,19.47645835989776,0.0,0.0,0.0,1.0,1.0
2560000,1.5182443,1.5642563,0.18646048,0.028057681,0.00010862408,0.13620801,0.0018167791,None,None,None,4.5,3.5,6.0,4.0,1.0
2570000,1.4989951,1.5915076,0.16874595,0.02147051,0.00010783688,0.13594559,0.0018036852,999.0,16.14812516941068,16.14812516941068,0.0,0.0,0.0,0.0,1.0
2580000,1.3655802,1.6052852,0.15700234,0.018245399,0.00010705445,0.13568479,0.0017906715,None,None,None,1.0,3.0,9.0,2.0,1.0
2590000,1.3711158,1.5707932,0.14206511,0.015239658,0.00010626726,0.13542242,0.0017775779,None,None,None,3.0,3.0,14.0,4.0,1.0
2600000,1.2954239,1.5766723,0.13580036,0.027628053,0.000105484876,0.13516161,0.0017645642,999.0,11.336875038609529,11.336875038609529,0.5,2.5,0.5,1.5,1.0
2610000,1.2919414,1.5509849,0.15782967,0.023654252,0.00010469767,0.13489918,0.0017514701,None,None,None,1.0,5.0,2.0,5.0,1.0
2620000,1.302611,1.5392991,0.15759492,0.027996756,0.00010389129,0.13463041,0.0017380568,999.0,13.501875019089008,13.501875019089008,0.0,1.0,0.0,0.0,1.0
2630000,1.3524407,1.5001713,0.16390084,0.024361242,0.00010310886,0.1343696,0.001725043,None,None,None,3.0,3.0,4.0,9.0,1.0
2640000,1.3235708,1.4863439,0.13986269,0.02287344,0.00010232167,0.13410719,0.0017119494,999.0,10.693043629071958,10.693043629071958,2.0,3.5,5.0,5.0,1.0
2650000,1.5041736,1.4029573,0.21886815,0.028223392,0.00010153929,0.13384637,0.001698935,None,40.00499975681305,40.00499975681305,7.0,5.0,11.0,3.0,1.0
2660000,1.5706557,1.4066588,0.21330538,0.018924493,0.000100752084,0.133584,0.0016858417,None,None,None,8.0,8.0,12.0,5.0,1.0
2670000,1.4925478,1.547785,0.2173783,0.026667299,9.996965e-05,0.1333232,0.0016728273,999.0,23.18062504233482,23.18062504233482,0.0,0.0,0.0,1.0,1.0
2680000,1.4430344,1.5586437,0.15373713,0.027934723,9.91825e-05,0.13306077,0.0016597336,None,None,None,4.0,4.5,1.0,4.5,1.0
2690000,1.4299611,1.5741107,0.16790932,0.02168747,9.841209e-05,0.13280399,0.0016469198,999.0,13.569166617273973,13.569166617273973,0.0,0.0,0.0,0.0,1.0
2700000,1.5194887,1.5373093,0.24404997,0.026596483,9.7612865e-05,0.1325376,0.001633626,None,None,None,3.0,5.0,2.0,3.0,1.0
2710000,1.5501984,1.5519327,0.22384343,0.021304566,9.6806485e-05,0.13226883,0.0016202132,None,None,None,5.0,7.0,3.0,5.0,1.0
2720000,1.560501,1.5930451,0.15809791,0.023590155,9.602406e-05,0.13200802,0.0016071987,999.0,18.047083495029558,18.047083495029558,2.5,1.0,1.0,2.0,1.0
2730000,1.5494235,1.5677654,None,None,None,None,None,None,None,None,6.0,5.0,2.0,5.0,1.0
2740000,1.4340326,1.6031458,0.12275354,0.024734665,9.5236865e-05,0.1317456,0.0015941052,999.0,9.811041762819514,9.811041762819514,0.0,0.0,0.0,0.0,1.0
2750000,1.3689219,1.5663192,0.11625376,0.024489684,9.445449e-05,0.13148479,0.0015810914,None,None,None,2.0,2.0,5.0,3.0,1.0
2760000,1.3569607,1.5263687,0.13278948,0.024551101,9.366728e-05,0.13122241,0.0015679974,999.0,10.414130474805184,10.414130474805184,1.5,1.0,3.0,2.0,1.0
2770000,1.359784,1.5382582,0.13690332,0.02219884,9.288491e-05,0.13096161,0.0015549841,None,-0.1749998964369297,-0.1749998964369297,2.0,0.0,6.0,5.0,1.0
2780000,1.4247221,1.5333885,0.20057768,0.02618893,9.209765e-05,0.13069919,0.00154189,None,None,None,7.0,3.0,7.0,6.0,1.0
2790000,1.4573709,1.4977518,0.20388518,0.022234362,9.129128e-05,0.13043042,0.0015284766,999.0,18.09333336694787,18.09333336694787,0.0,0.0,0.0,0.0,1.0
2800000,1.488209,1.4311796,0.16257054,0.022131614,9.050889e-05,0.1301696,0.001515463,None,None,None,4.5,7.5,3.0,3.5,1.0
2810000,1.45661,1.4653511,0.17347145,0.024904573,8.97217e-05,0.12990719,0.0015023691,999.0,14.559166794021925,14.559166794021925,0.0,0.0,0.0,0.0,1.0
2820000,1.354635,1.5897702,0.1664663,0.024042176,8.8939276e-05,0.12964638,0.0014893556,None,None,None,6.0,3.0,3.0,1.0,1.0
2830000,1.337693,1.6085548,0.17469455,0.023012333,8.815206e-05,0.12938401,0.0014762615,None,None,None,7.0,6.0,3.0,3.0,1.0
2840000,1.4495296,1.408485,0.21138881,0.024048295,8.7369684e-05,0.1291232,0.0014632479,999.0,10.101041759441918,10.101041759441918,3.5,3.0,1.0,3.0,1.0
2850000,1.5957497,1.3551493,0.25635335,0.02468357,8.6582484e-05,0.12886079,0.0014501541,None,None,None,9.0,7.0,2.0,7.0,1.0
2860000,1.6037174,1.406038,0.23152839,0.020755343,8.581208e-05,0.12860398,0.0014373397,999.0,27.060416708428722,27.060416708428722,0.0,0.0,0.0,0.0,1.0
2870000,1.6150125,1.4045742,0.1314011,0.022874909,8.50129e-05,0.12833759,0.0014240457,None,None,None,3.0,1.0,3.0,2.0,1.0
2880000,1.5513195,1.392106,0.13617198,0.022254864,8.420648e-05,0.12806883,0.0014106331,999.0,11.131304438225925,11.131304438225925,2.0,1.0,1.5,2.5,1.0
2890000,1.6133205,1.3898094,0.19797364,0.02452139,8.3424085e-05,0.12780802,0.0013976187,None,1.0350002087652683,1.0350002087652683,4.0,2.0,7.0,7.0,1.0
2900000,1.686228,1.3643866,0.20379397,0.026178943,8.26369e-05,0.1275456,0.0013845257,None,None,None,4.0,7.0,9.0,8.0,1.0
2910000,1.7994751,1.3675714,0.21513183,0.023870284,8.185447e-05,0.1272848,0.0013715114,999.0,22.85437508028311,22.85437508028311,0.0,0.0,0.0,0.0,1.0
2920000,1.9150426,1.3441497,0.2112314,0.01977823,8.106726e-05,0.12702243,0.0013584172,None,None,None,7.0,8.0,5.5,12.5,1.0
2930000,1.9608412,1.3949026,0.196912,0.022398634,8.028488e-05,0.12676162,0.0013454036,999.0,33.33229174220469,33.33229174220469,0.0,0.0,0.0,0.0,1.0
2940000,1.8054016,1.4917537,None,None,None,None,None,None,None,None,1.0,4.0,4.0,2.0,1.0
2950000,1.7097092,1.5137506,0.12084265,0.026370205,7.949768e-05,0.1264992,0.0013323098,None,None,None,2.0,5.0,4.0,2.0,1.0
2960000,1.75115,1.4382167,0.106277555,0.024245875,7.8691264e-05,0.12623042,0.001318897,999.0,7.063333438981014,7.063333438981014,3.5,1.0,1.5,3.0,1.0
2970000,1.8446411,1.3829263,0.21183538,0.030013144,7.790888e-05,0.12596962,0.0013058827,None,None,None,11.0,3.0,3.0,7.0,1.0
2980000,1.7859882,1.4521302,0.19956857,0.02469706,7.712167e-05,0.12570718,0.0012927888,999.0,23.386250077087123,23.386250077087123,1.0,0.0,0.0,0.0,1.0
2990000,1.602173,1.5005962,0.10683052,0.0200554,7.633928e-05,0.12544638,0.0012797752,None,None,None,3.0,2.0,2.0,4.0,1.0
3000000,1.4977931,1.4986228,0.04773096,0.02613108,7.555208e-05,0.12518401,0.0012666812,999.0,-0.13869556970894337,-0.13869556970894337,2.0,1.5,2.0,3.5,1.0
3010000,1.6510438,1.4050863,0.11902727,0.02216823,7.4769676e-05,0.12492321,0.0012536676,None,1.03500016592443,1.03500016592443,4.0,3.0,3.0,5.0,1.0
3020000,1.691945,1.3846184,0.24066946,0.028863987,7.398248e-05,0.1246608,0.0012405739,None,None,None,5.0,5.0,4.0,5.0,1.0
3030000,1.7174176,1.4399974,0.21916659,0.027173601,7.3212104e-05,0.12440399,0.0012277594,999.0,26.154999975231476,26.154999975231476,0.0,0.0,0.0,0.0,1.0
3040000,1.7109269,1.4273986,0.14837806,0.029180398,7.241288e-05,0.12413761,0.0012144663,None,None,None,2.5,6.0,5.5,4.0,1.0
3050000,1.6892996,1.4255568,0.15123814,0.019210717,7.160649e-05,0.123868786,0.0012010528,999.0,15.867708301676126,15.867708301676126,0.0,0.0,0.0,0.0,1.0
3060000,1.7986573,1.4129322,0.22092684,0.024212629,7.082408e-05,0.12360802,0.0011880392,None,None,None,2.0,7.0,2.0,4.0,1.0
3070000,1.8424182,1.4038378,0.22714856,0.022955205,7.0036884e-05,0.123345606,0.0011749454,None,None,None,2.0,10.0,6.0,6.0,1.0
3080000,1.8799704,1.4570352,0.21685417,0.018721156,6.925451e-05,0.1230848,0.0011619317,999.0,23.242083394899964,23.242083394899964,2.0,1.0,1.5,1.5,1.0
3090000,1.915237,1.4404622,0.19846684,0.017930934,6.846727e-05,0.12282238,0.0011488379,None,None,None,6.0,4.0,8.0,6.0,1.0
3100000,1.8562814,1.445676,0.17017667,0.016923148,6.768488e-05,0.12256162,0.0011358237,999.0,18.15895855531562,18.15895855531562,0.0,0.0,0.0,0.0,1.0
3110000,1.796634,1.467357,0.1761945,0.018034365,6.689769e-05,0.1222992,0.0011227301,None,None,None,4.0,5.0,6.0,2.0,1.0
3120000,1.7876095,1.4643049,0.17903848,0.020105757,6.609129e-05,0.12203042,0.001109317,999.0,17.130869687696837,17.130869687696837,3.0,5.5,3.5,1.0,1.0
3130000,1.654475,1.500263,0.17935047,0.01904296,6.530889e-05,0.12176962,0.001096303,None,0.2350000962615013,0.2350000962615013,1.0,3.0,1.0,5.0,1.0
3140000,1.7186521,1.483372,0.1772749,0.017948845,6.452168e-05,0.12150719,0.001083209,None,None,None,2.0,7.0,2.0,5.0,1.0
3150000,1.806428,1.4761424,None,None,None,None,None,999.0,17.165416650512878,17.165416650512878,0.0,0.0,0.0,0.0,1.0
3160000,1.9546866,1.4497648,0.22003324,0.0212294,6.373927e-05,0.12124638,0.0010701952,None,None,None,7.0,5.5,6.0,3.0,1.0
3170000,2.000217,1.4487529,0.22750884,0.020733763,6.295208e-05,0.12098401,0.0010571015,999.0,25.962499937120203,25.962499937120203,0.0,0.0,0.0,0.0,1.0
3180000,2.0365593,1.454928,0.20013568,0.02988344,6.21697e-05,0.12072322,0.0010440875,None,None,None,2.0,4.0,3.0,5.0,1.0
3190000,2.1137183,1.4366915,0.21982571,0.021479996,6.13825e-05,0.12046079,0.0010309941,None,None,None,2.0,4.0,6.0,6.0,1.0
3200000,2.068979,1.4386883,0.21622682,0.025878258,6.0612092e-05,0.120203994,0.0010181796,999.0,23.592708320512127,23.592708320512127,3.5,1.5,1.5,2.0,1.0
3210000,2.0581315,1.4491141,0.19759628,0.02482449,5.9812886e-05,0.11993761,0.0010048861,None,None,None,8.0,5.0,4.0,6.0,1.0
3220000,2.039992,1.4555283,0.19324869,0.02551579,5.900649e-05,0.11966879,0.000991473,999.0,19.01833337339728,19.01833337339728,1.0,0.0,0.0,1.0,1.0
3230000,2.169828,1.4097906,0.25924957,0.027340502,5.8224083e-05,0.11940798,0.000978459,None,None,None,3.0,4.0,2.0,5.0,1.0
3240000,2.2116735,1.4357065,0.23093084,0.023922792,5.7436886e-05,0.11914561,0.0009653656,999.0,28.68304338492453,28.68304338492453,2.5,2.5,2.5,4.5,1.0
3250000,2.1141794,1.4678884,0.21092583,0.026583303,5.6654484e-05,0.1188848,0.00095235166,None,34.045000076293945,34.045000076293945,5.0,5.0,1.0,2.0,1.0
3260000,2.1307695,1.4284074,0.16967057,0.02229764,5.5867273e-05,0.118622385,0.0009392576,None,None,None,5.0,5.0,4.0,3.0,1.0
3270000,1.9460361,1.5097528,0.15365121,0.02727317,5.508489e-05,0.11836162,0.00092624367,999.0,13.85458347744619,13.85458347744619,0.0,0.0,0.0,0.0,1.0
3280000,1.835531,1.4980541,0.080287896,0.022100426,5.4297696e-05,0.118099205,0.0009131502,None,None,None,2.5,1.0,6.5,6.5,1.0
3290000,1.7564956,1.4929307,0.07875757,0.026829572,5.3491294e-05,0.117830426,0.0008997371,999.0,2.0675000851818672,2.0675000851818672,0.0,0.0,0.0,0.0,1.0
3300000,1.8720417,1.3713486,0.20330855,0.017721664,5.2708892e-05,0.11756962,0.00088672317,None,None,None,7.0,8.0,2.0,3.0,1.0
3310000,1.9346662,1.3605748,0.18395947,0.027685395,5.1921685e-05,0.1173072,0.0008736291,None,None,None,9.0,10.0,5.0,4.0,1.0
3320000,1.9644289,1.3496318,0.20523399,0.02021832,5.113928e-05,0.117046386,0.0008606151,999.0,22.657708392090473,22.657708392090473,1.0,2.5,3.0,1.5,1.0
3330000,2.0463884,1.3293868,0.17862864,0.027478281,5.0352082e-05,0.11678402,0.00084752165,None,None,None,5.0,7.0,8.0,4.0,1.0
3340000,1.9732177,1.4138515,0.19974159,0.02207267,4.956968e-05,0.11652322,0.00083450775,999.0,23.28250002639834,23.28250002639834,0.0,0.0,0.0,0.0,1.0
3350000,1.8392615,1.4905285,0.13992442,0.023597708,4.8782484e-05,0.1162608,0.000821414,None,None,None,4.0,2.0,5.0,1.0,1.0
3360000,1.7290934,1.4716171,0.1420731,0.030030498,4.80121e-05,0.116004005,0.0008085998,999.0,10.933478355245745,10.933478355245745,3.0,1.0,3.5,1.5,1.0
3370000,1.6941336,1.4750537,None,None,None,None,None,None,36.754999838769436,36.754999838769436,5.0,3.0,3.0,2.0,1.0
3380000,1.6119676,1.4166673,0.1751704,0.022205153,4.7212892e-05,0.11573761,0.0007953063,None,None,None,7.0,4.0,3.0,2.0,1.0
3390000,1.6902332,1.4236311,0.15262388,0.026450688,4.640649e-05,0.115468785,0.0007818932,999.0,14.711666739235321,14.711666739235321,0.0,0.0,0.0,0.0,1.0
3400000,1.793006,1.4043466,0.20390132,0.025419002,4.562409e-05,0.115207985,0.00076887925,None,None,None,4.0,6.5,3.5,4.0,1.0
3410000,1.7593249,1.411117,0.18737574,0.024032278,4.4836896e-05,0.11494562,0.00075578544,999.0,17.12062508814658,17.12062508814658,0.0,0.0,0.0,0.0,1.0
3420000,1.701565,1.4337288,0.2145848,0.02599891,4.4054486e-05,0.114684805,0.00074277143,None,None,None,3.0,4.0,2.0,2.0,1.0
3430000,1.7139322,1.406141,0.2134664,0.025306797,4.326728e-05,0.11442239,0.0007296778,None,None,None,5.0,5.0,3.0,5.0,1.0
3440000,1.7791526,1.4204946,0.22143473,0.023060415,4.2484877e-05,0.11416158,0.0007166638,999.0,18.003541700735997,18.003541700735997,2.0,1.5,2.0,1.0,1.0
3450000,1.8868778,1.3960074,0.23000564,0.027761022,4.169768e-05,0.11389921,0.00070357,None,None,None,7.0,5.0,4.0,5.0,1.0
3460000,1.8399581,1.4843509,0.2150741,0.02437375,4.0891304e-05,0.113630384,0.00069015694,999.0,23.71083338201667,23.71083338201667,0.0,0.0,0.0,0.0,1.0
3470000,1.659617,1.4890071,0.1370592,0.023471482,4.0108902e-05,0.11336962,0.00067714293,None,None,None,2.0,3.0,3.0,2.0,1.0
3480000,1.5253309,1.4712102,0.11413184,0.017931487,3.9321687e-05,0.1131072,0.00066404924,999.0,6.129565319937209,6.129565319937209,1.0,1.5,1.5,2.0,1.0
3490000,1.8619478,1.3746849,0.18770906,0.019942904,3.8539285e-05,0.11284639,0.00065103534,None,0.6450001932680607,0.6450001932680607,9.0,2.0,3.0,4.0,1.0
3500000,1.8800409,1.3636998,0.21622308,0.019949941,3.7752092e-05,0.112584025,0.0006379416,None,None,None,10.0,6.0,5.0,5.0,1.0
3510000,1.7859313,1.4502915,0.18660985,0.025768368,3.6969683e-05,0.11232322,0.00062492775,999.0,20.673333340246852,20.673333340246852,0.0,0.0,0.0,0.0,1.0
3520000,1.7036798,1.446677,0.1042646,0.025492787,3.618248e-05,0.1120608,0.0006118339,None,None,None,4.5,1.5,2.5,7.5,1.0
3530000,1.6217489,1.4379876,0.095350035,0.021085937,3.5412097e-05,0.111804,0.0005990196,999.0,7.050833367742598,7.050833367742598,0.0,0.0,0.0,0.0,1.0
3540000,1.7144703,1.3789507,0.2741278,0.021078309,3.4612887e-05,0.11153761,0.0005857262,None,None,None,7.0,4.0,2.0,7.0,1.0
3550000,1.7885443,1.3789748,0.26782522,0.029390033,3.3806493e-05,0.11126879,0.0005723132,None,None,None,8.0,5.0,2.0,10.0,1.0
3560000,1.8267208,1.4045144,0.25769117,0.028154152,3.30241e-05,0.111007996,0.00055929914,999.0,29.90770838634732,29.90770838634732,4.0,2.5,2.5,1.0,1.0
3570000,1.910683,1.3915479,None,None,None,None,None,None,None,None,10.0,6.0,6.0,5.0,1.0
3580000,1.8936365,1.439016,0.21983083,0.019614767,3.22369e-05,0.110745616,0.0005462056,999.0,25.66583332788044,25.66583332788044,0.0,0.0,0.0,0.0,1.0
3590000,1.8443977,1.4454879,0.19651797,0.022435367,3.1454496e-05,0.11048481,0.0005331916,None,None,None,4.0,3.0,1.0,3.0,1.0
3600000,1.8014718,1.4278934,0.15157628,0.021667747,3.066729e-05,0.110222384,0.0005200978,999.0,13.280217447925521,13.280217447925521,3.0,2.5,1.0,3.0,1.0
3610000,1.7603421,1.4279567,0.18533398,0.02742229,2.9884884e-05,0.109961584,0.0005070838,None,32.664999686181545,32.664999686181545,2.0,4.0,1.0,2.0,1.0
3620000,1.8169852,1.4299084,0.21630885,0.026234318,2.90977e-05,0.10969922,0.00049399014,None,None,None,2.0,4.0,1.0,2.0,1.0
3630000,1.811506,1.4369762,0.211392,0.018827917,2.8291302e-05,0.10943039,0.0004805771,999.0,18.37208331578101,18.37208331578101,0.0,0.0,0.0,0.0,1.0
3640000,1.8500388,1.4091108,0.22979501,0.023943337,2.7508899e-05,0.10916958,0.0004675631,None,None,None,8.0,2.5,1.5,3.5,1.0
3650000,1.8293395,1.455715,0.20607306,0.030970419,2.672169e-05,0.10890721,0.00045446926,999.0,20.50854164327029,20.50854164327029,0.0,0.0,0.0,0.0,1.0
3660000,1.6311113,1.6044185,0.15570337,0.024462583,2.5939295e-05,0.1086464,0.00044145528,None,None,None,1.0,1.0,2.0,1.0,1.0
3670000,1.5486718,1.5758094,0.11388541,0.030838605,2.5152101e-05,0.10838398,0.0004283617,None,None,None,1.0,4.0,2.0,1.0,1.0
3680000,1.4746487,1.5399988,0.12928052,0.017507454,2.4369694e-05,0.10812322,0.00041534766,999.0,5.829583360153872,5.829583360153872,2.0,2.0,1.0,3.5,1.0
3690000,1.4015778,1.5292802,0.13237587,0.026080208,2.3582486e-05,0.107860796,0.00040225385,None,None,None,4.0,6.0,3.0,8.0,1.0
3700000,1.4403644,1.453079,0.11735736,0.017828915,2.2812103e-05,0.10760401,0.00038943978,999.0,6.148333353572525,6.148333353572525,1.0,1.0,0.0,0.0,1.0
3710000,1.7351398,1.332688,0.32745755,0.028061898,2.2012899e-05,0.107337624,0.00037614623,None,None,None,3.0,7.0,4.0,1.0,1.0
3720000,1.8210915,1.3182658,0.29477102,0.018961763,2.1206499e-05,0.10706879,0.0003627332,999.0,31.76086947767307,31.76086947767307,2.0,4.5,2.0,2.0,1.0
3730000,1.6889534,1.4737304,0.21022773,0.021323847,2.0424095e-05,0.106807984,0.0003497192,None,45.24000012874603,45.24000012874603,5.0,2.0,4.0,1.0,1.0
3740000,1.7006757,1.4566747,0.17886965,0.023981335,1.9636886e-05,0.10654561,0.00033662535,None,None,None,5.0,2.0,4.0,1.0,1.0
3750000,1.7046646,1.4812579,0.1822382,0.022946117,1.885449e-05,0.10628481,0.00032361137,999.0,17.861041700234637,17.861041700234637,0.0,0.0,0.0,0.0,1.0
3760000,1.7571589,1.4858495,0.23689826,0.025828976,1.8067298e-05,0.10602239,0.00031051776,None,None,None,9.0,2.0,5.5,3.0,1.0
3770000,1.6908312,1.5178022,0.21317343,0.025495615,1.728489e-05,0.105761595,0.0002975038,999.0,17.163125071519364,17.163125071519364,0.0,0.0,1.0,0.0,1.0
3780000,1.4877772,1.5290209,None,None,None,None,None,None,None,None,3.0,1.0,6.0,4.0,1.0
3790000,1.4118716,1.5208609,0.10415937,0.017942078,1.6497705e-05,0.105499215,0.00028441014,None,None,None,4.0,1.0,6.0,5.0,1.0
3800000,1.5941521,1.4727268,0.10060451,0.02249629,1.5691305e-05,0.1052304,0.00027099712,999.0,6.578750051519212,6.578750051519212,4.0,2.0,1.5,4.0,1.0
3810000,1.7324358,1.43659,0.24672475,0.017470157,1.4908905e-05,0.10496958,0.0002579832,None,None,None,8.0,6.0,3.0,8.0,1.0
3820000,1.729918,1.4658759,0.23795256,0.022246024,1.4121696e-05,0.10470721,0.00024488926,999.0,26.629375075222924,26.629375075222924,0.0,0.0,0.0,0.0,1.0
3830000,1.6250247,1.5198215,0.211238,0.024999732,1.3339296e-05,0.1044464,0.00023187527,None,None,None,3.0,3.0,5.0,5.0,1.0
3840000,1.5992881,1.5060986,0.14781432,0.018773256,1.2552102e-05,0.10418399,0.00021878167,999.0,12.715434882465912,12.715434882465912,2.0,2.5,3.0,2.5,1.0
3850000,1.431648,1.6091064,0.12740847,0.028579086,1.1769703e-05,0.103923224,0.00020576776,None,0.2600002037361264,0.2600002037361264,1.0,3.0,2.0,4.0,1.0
3860000,1.3546622,1.5545528,0.11573243,0.023144266,1.0982494e-05,0.10366081,0.00019267383,None,None,None,6.0,5.0,2.0,4.0,1.0
3870000,1.3783303,1.5263311,0.11222761,0.022927336,1.0212092e-05,0.103404015,0.00017985945,999.0,6.271250078609834,6.271250078609834,0.0,0.0,0.0,0.0,1.0
3880000,1.4653302,1.4699218,0.22059351,0.021693379,9.412901e-06,0.10313758,0.00016656624,None,None,None,4.5,4.0,7.5,2.0,1.0
3890000,1.476003,1.4968861,0.19401477,0.025850942,8.606501e-06,0.1028688,0.00015315319,999.0,16.49291662607963,16.49291662607963,0.0,0.0,0.0,0.0,1.0
3900000,1.4857519,1.4955795,0.18885878,0.019322174,7.824101e-06,0.102607995,0.0001401393,None,None,None,1.0,5.0,6.0,6.0,1.0
3910000,1.5029333,1.47996,0.19035582,0.03271812,7.036893e-06,0.10234562,0.00012704535,None,None,None,2.0,7.0,7.0,8.0,1.0
3920000,1.5068233,1.5349327,0.21382795,0.028502172,6.2544905e-06,0.10208481,0.00011403139,999.0,16.089791738661006,16.089791738661006,4.5,2.5,3.0,2.0,1.0
3930000,1.5263557,1.5102954,0.18669553,0.026137574,5.467299e-06,0.10182239,0.000100937745,None,None,None,12.0,6.0,8.0,4.0,1.0
3940000,1.5126041,1.5134435,0.20271145,0.02770221,4.6848995e-06,0.10156158,8.7923836e-05,999.0,16.698750093967345,16.698750093967345,0.0,0.0,0.0,0.0,1.0
3950000,1.4162451,1.506303,0.12946509,0.03117445,3.897707e-06,0.10129922,7.483018e-05,None,None,None,7.0,4.0,6.0,5.0,1.0
3960000,1.3314424,1.4927158,0.106086485,0.026486294,3.0912918e-06,0.10103039,6.141681e-05,999.0,5.869565338503731,5.869565338503731,4.5,2.0,3.5,3.0,1.0
3970000,1.5083493,1.4628671,0.25380358,0.027620848,2.3088917e-06,0.10076959,4.840291e-05,None,36.450000166893005,36.450000166893005,7.0,6.0,3.0,5.0,1.0
3980000,1.5736274,1.4449817,0.22851615,0.023507303,1.5216987e-06,0.100507215,3.530927e-05,None,None,None,8.0,7.0,5.0,8.0,1.0
3990000,1.5861843,1.4518692,None,None,None,None,None,999.0,20.22312513036498,20.22312513036498,0.0,0.0,0.0,0.0,1.0
4000000,1.5813961,1.4475933,0.24506256,0.023268761,7.3929886e-07,0.10024641,2.2295342e-05,None,None,None,6.0,6.5,3.0,9.5,1.0
